E641302A69B9E60C43327A6A1800BDB4DB67337FFA8AD71C0DB4DC26DB136D34,%SYSTEM32%\SPOOLSS.DLL,O=MICROSOFT CORPORATION, L=REDMOND, S=WASHINGTON, C=US
3D6A7B2A4A9E44D5E43B9B0D9C6376FF8AAB549489AA85E0A4939FA38388DC11,%SYSTEM32%\TPVMW32.DLL,O=CORTADO AG, L=BERLIN, S=BERLIN, C=DE
1FFFBAD858D8906F18C88B19759C17CB3BD859E66926AF85284755A9E4791939,%WINDIR%\MICROSOFT.NET\FRAMEWORK64\V4.0.30319\WEBENGINE4.DLL,O=MICROSOFT CORPORATION, L=REDMOND, S=WASHINGTON, C=US
6DCF45DC7E0429863D902D21A931270A534E49060E7ABABE67D6A580581EB8F3,%WINDIR%\ASSEMBLY\NATIVEIMAGES_V4.0.30319_64\SYSTEM.WEB\D45E58D7A64F970EECA50B62FA9CC818\SYSTEM.WEB.NI.DLL,
FFCE89D209C62F94CDF2B11F8D43199B41C52F15538619F0A34D51B9ABCBAE5B,%WINDIR%\ASSEMBLY\NATIVEIMAGES_V4.0.30319_64\SYSTEM.CORE\D455D0F606B8366DC3BEBBD11D14C961\SYSTEM.CORE.NI.DLL,
B333838D45AE67C6B361AD06FA9B31F2233FAFE15A91BA57524E40165A30F940,%SYSTEM32%\MSLS31.DLL,O=MICROSOFT CORPORATION, L=REDMOND, S=WASHINGTON, C=US
05C55C0D3A52B229C36AF1654F3F7C5E94E80F61CA1F6684F807B3276F56F070,%SYSTEM32%\USP10.DLL,O=MICROSOFT CORPORATION, L=REDMOND, S=WASHINGTON, C=US
7C80EE13E71EF5319D1F245C1EE58D7F614F22DCB1F81AF27FC6700A825E63D0,%SYSTEM32%\RICHED20.DLL,O=MICROSOFT CORPORATION, L=REDMOND, S=WASHINGTON, C=US
268081B4D35EFF84F6BBFEB769134453511B01BCEF9A45E90321CB6D3F0C477B,%SYSTEM32%\DWRITE.DLL,O=MICROSOFT CORPORATION, L=REDMOND, S=WASHINGTON, C=US
2F5BD0E2F469805090398A9FAD27B682A7D68419A4C994C10AB721B55ED2B5C4,%SYSTEM32%\WEVTAPI.DLL,O=MICROSOFT CORPORATION, L=REDMOND, S=WASHINGTON, C=US
B9CE90DA304CAB19B254E34CD8D1EE16DCD3D75E99986F58D666B995693BCE92,%SYSTEM32%\WECAPI.DLL,O=MICROSOFT CORPORATION, L=REDMOND, S=WASHINGTON, C=US
73CBAF0A6F11F318653F63E8BE49D88B055EE7DB70D5EA34C6153EFC2D50D131,%WINDIR%\ASSEMBLY\NATIVEIMAGES_V4.0.30319_64\SYSTEM.SERV759BFB78#\A5C609C04332E2D5E0F910E75E433E89\SYSTEM.SERVICEPROCESS.NI.DLL,
7F6BC05A91866157C082323F2E8234DEE4758959E85A65949864D661FEDF77B9,%WINDIR%\WINSXS\AMD64_MICROSOFT.WINDOWS.COMMON-CONTROLS_6595B64144CCF1DF_5.82.9600.16384_NONE_34A8918F959016EA\COMCTL32.DLL,O=MICROSOFT CORPORATION, L=REDMOND, S=WASHINGTON, C=US
3D2F73378AB92C4D8B22A56C0D00A8245F216EB7E4ED583841ABE5ABA9F7FF02,%SYSTEM32%\SSPICLI.DLL,O=MICROSOFT CORPORATION, L=REDMOND, S=WASHINGTON, C=US
F25A8EB0DEDD866570066890F810DB7779C39163F143F4CCC9CA6039C4ACFFDB,%SYSTEM32%\USERENV.DLL,O=MICROSOFT CORPORATION, L=REDMOND, S=WASHINGTON, C=US
1EBF6FED6F1B0EFE54AF30D3ED585BB2B5C4F4FA1231C9C7DF14F9E804FFD720,%SYSTEM32%\WINDOWSCODECS.DLL,O=MICROSOFT CORPORATION, L=REDMOND, S=WASHINGTON, C=US
DA8E6906EC3976E8AB8BA1BA5A6090A2C8B4975CB5A06850F4AF205A04ADBD28,%WINDIR%\WINSXS\AMD64_MICROSOFT.WINDOWS.GDIPLUS_6595B64144CCF1DF_1.1.9600.16384_NONE_9332526147499ED1\GDIPLUS.DLL,O=MICROSOFT CORPORATION, L=REDMOND, S=WASHINGTON, C=US
30E45154AD9F1DA1486E3AB69746726A9790D2D80D7A6F318CF8B65DDE3E3FF9,%WINDIR%\ASSEMBLY\NATIVEIMAGES_V4.0.30319_64\MIGUICONTROLS\D66EE74C9851B6FDB24FCD5D3C62E3A4\MIGUICONTROLS.NI.DLL,
CC9D6511EF764EB30B42DE2DF9741FF419B6174E37E00E77286370E743AA2E19,%WINDIR%\ASSEMBLY\NATIVEIMAGES_V4.0.30319_64\EVENTVIEWER\93DED4DF1A24E1428EC6FBD05BFEEEFF\EVENTVIEWER.NI.DLL,
A2898CA70D73917BD2AF44A8375246A905D8DEB9898D194F259EE7173E9FF4BD,%WINDIR%\MICROSOFT.NET\FRAMEWORK64\V4.0.30319\CLRJIT.DLL,O=MICROSOFT CORPORATION, L=REDMOND, S=WASHINGTON, C=US
C5C5B507F45B88B20F093FA16C9AB14D881E029B964F1A5AD87C2DE69ED02FC8,%WINDIR%\ASSEMBLY\NATIVEIMAGES_V4.0.30319_64\MICROSOFT.MFF1BE75B#\832EDD4A684F29E6E54C98E924F512BA\MICROSOFT.MANAGEMENTCONSOLE.NI.DLL,
8DB4DF43C85157BB4A3144E9E577FEB3B609021C53B8A4E1239F802615198D48,%WINDIR%\MICROSOFT.NET\FRAMEWORK64\V4.0.30319\DIASYMREADER.DLL,O=MICROSOFT CORPORATION, L=REDMOND, S=WASHINGTON, C=US
CC54F483DCCCD34CCB13BEF8FB6CC4CACDD57EE5444442B3BE1ABAF2758E9736,%WINDIR%\ASSEMBLY\NATIVEIMAGES_V4.0.30319_64\SYSTEM.WINDOWS.FORMS\7D54D2C5C5EF7255EE6C75C8B9D3CC7C\SYSTEM.WINDOWS.FORMS.NI.DLL,
ABAA25A96D354B9DDBDEFDB35B75FD011C0C9178442FF8DDAA588301AE86E4EF,%WINDIR%\ASSEMBLY\NATIVEIMAGES_V4.0.30319_64\SYSTEM.DRAWING\E84966AFB8E6999ABBBE15C3EC8716A8\SYSTEM.DRAWING.NI.DLL,
62DAAB782C0A6BB2BA9F168DF8A21072F0EE8D827093F76C6E8BF80D64401C92,%WINDIR%\ASSEMBLY\NATIVEIMAGES_V4.0.30319_64\SYSTEM.XML\07A45C6DE7501A44FA982104787BB341\SYSTEM.XML.NI.DLL,
BF32C3BD5956B98D54EE7B57E0FB611B4CD3DF3F93EBE6E20B2F174B21EAB289,%WINDIR%\ASSEMBLY\NATIVEIMAGES_V4.0.30319_64\SYSTEM.CONFIGURATION\CB13F6DB4C48A7418C8315A596ED2EAE\SYSTEM.CONFIGURATION.NI.DLL,
0C3F864976FE0F7A5139ACBFF81EAEA207CC37200C7CE406EABE58E8AC9C3A3F,%WINDIR%\ASSEMBLY\NATIVEIMAGES_V4.0.30319_64\MMCFXCOMMON\47EC7E8EC28A6F92B69BC8DA68143B0F\MMCFXCOMMON.NI.DLL,
8349F2DEEC3A5C631DA58E7C9A938A140BF809939BC1F8DC6CD4A4E6E654C188,%WINDIR%\ASSEMBLY\NATIVEIMAGES_V4.0.30319_64\MMCEX\80AD9AD8C80CCDE8D0487755AFFD53C8\MMCEX.NI.DLL,
F35BF7CD783AEC1DC55210394B081C26EF142C7D94663125A99C4FB1D26FDBA8,%WINDIR%\ASSEMBLY\NATIVEIMAGES_V4.0.30319_64\SYSTEM\02FC59B055D2B1FCD94A42A8407EF372\SYSTEM.NI.DLL,
B48D038C5D3E7C97E06510CF0F3CA13C2A374400E2BEF91E8CC037682E067F73,%SYSTEM32%\SXS.DLL,O=MICROSOFT CORPORATION, L=REDMOND, S=WASHINGTON, C=US
AE5DDB55A7A6732FC38337E52A391FE28B72B262B5877C45B9B222251D07F083,%WINDIR%\ASSEMBLY\NATIVEIMAGES_V4.0.30319_64\MSCORLIB\F9F73F178CC2E4493598EE1BD411C3E8\MSCORLIB.NI.DLL,
EA01BB298283770D8A9CEB4053C33DB59907DB94E048211397D75A304AEF0DD5,%SYSTEM32%\MSVCR120_CLR0400.DLL,O=MICROSOFT CORPORATION, L=REDMOND, S=WASHINGTON, C=US
8CE45D9AC525FCCE0BA0A608D970E3D523C14DCA92C9E30900FE072C431EF57C,%WINDIR%\MICROSOFT.NET\FRAMEWORK64\V4.0.30319\CLR.DLL,O=MICROSOFT CORPORATION, L=REDMOND, S=WASHINGTON, C=US
97465C4EA95E17466064375B0AE92546A6B58194E8343CACDD6FD40EB7408885,%WINDIR%\MICROSOFT.NET\FRAMEWORK64\V4.0.30319\MSCOREEI.DLL,O=MICROSOFT CORPORATION, L=REDMOND, S=WASHINGTON, C=US
8F1C1BD5BA8F2FF0EA99F70067C24387ED3BB916ED5ADCB9774BEAAD14D1C601,%SYSTEM32%\MSCOREE.DLL,O=MICROSOFT CORPORATION, L=REDMOND, S=WASHINGTON, C=US
80CAEAE13AF0F3E4DD89A3E218CE99A060629DEA7FF6A83797FC3C215A5AEA07,%SYSTEM32%\XMLLITE.DLL,O=MICROSOFT CORPORATION, L=REDMOND, S=WASHINGTON, C=US
CB08602A4A76DD363F43710C3A0FDF04937CFCB5B8F9EC6331DA8672C084F441,%SYSTEM32%\MLANG.DLL,O=MICROSOFT CORPORATION, L=REDMOND, S=WASHINGTON, C=US
0A4EB368A5051022C46E32A2CC8510E73461FDCCDA03992FC270210540243844,%SYSTEM32%\PROPSYS.DLL,O=MICROSOFT CORPORATION, L=REDMOND, S=WASHINGTON, C=US
40AED7CA8A619F65F8977A9BF1B41C09305C7F7462A5A9F8A01E66F1706906E1,%SYSTEM32%\BCRYPT.DLL,O=MICROSOFT CORPORATION, L=REDMOND, S=WASHINGTON, C=US
0F69E65D0C398045D7A7255E9B14C2863099814F209890859A61DFAE79B18F39,%SYSTEM32%\RSAENH.DLL,O=MICROSOFT CORPORATION, L=REDMOND, S=WASHINGTON, C=US
32711E939EBCBA6BE0ABDBDF8DF84A476E34F5C77EB70C2DFA4FEE2972D86F80,%SYSTEM32%\CRYPTSP.DLL,O=MICROSOFT CORPORATION, L=REDMOND, S=WASHINGTON, C=US
1D7C90440B5E2B0FADDC57E08A3F101F1F103207790FBBDED280A824FC091EE3,%SYSTEM32%\OLEACC.DLL,O=MICROSOFT CORPORATION, L=REDMOND, S=WASHINGTON, C=US
0B36D375D6E5BAB740233B3E7C7BC3D6F34D556621DB93200497AC85843CE4A7,%SYSTEM32%\ELSEXT.DLL,O=MICROSOFT CORPORATION, L=REDMOND, S=WASHINGTON, C=US
7F5647E8C17355EF60A035A7E6D88F9726DE50424EF9A77275D226E810F88618,%SYSTEM32%\DWMAPI.DLL,O=MICROSOFT CORPORATION, L=REDMOND, S=WASHINGTON, C=US
6847D8A44CCFFAF86361DF1EE7A105115C6CA5EC0C8186EC0FBFBD84D77DE4B7,%SYSTEM32%\RICHED32.DLL,O=MICROSOFT CORPORATION, L=REDMOND, S=WASHINGTON, C=US
B97BE4D49CFAC727EDD852D4F15297B237A8D9A65723B14EFBD0DE5263F67B29,%SYSTEM32%\ADSLDPC.DLL,O=MICROSOFT CORPORATION, L=REDMOND, S=WASHINGTON, C=US
41E28C7B9A6F185A85C5E2E89043E19D098A60773F798CCB42C453B8228B8DF2,%SYSTEM32%\MPR.DLL,O=MICROSOFT CORPORATION, L=REDMOND, S=WASHINGTON, C=US
5E5E39BBC665F3F88C7A328271D0E9A58A4D5A87956281B9D99DC5D3B0D5B6D6,%SYSTEM32%\ACTIVEDS.DLL,O=MICROSOFT CORPORATION, L=REDMOND, S=WASHINGTON, C=US
0E58E45762BEA8DE36574719DD430F1B0CECBBEBD3D26F53FC64EEB092B17E29,%SYSTEM32%\VERSION.DLL,O=MICROSOFT CORPORATION, L=REDMOND, S=WASHINGTON, C=US
7C8E527918E6A73898A88D18188D913BAF45BDA1151CD1B2CBD291428677B304,%SYSTEM32%\NTDSAPI.DLL,O=MICROSOFT CORPORATION, L=REDMOND, S=WASHINGTON, C=US
6154F5115E7C9E36263CCAB0A70F27A8FC9EE1C869EAB7B6967A1E8E55D4C658,%SYSTEM32%\WKSCLI.DLL,O=MICROSOFT CORPORATION, L=REDMOND, S=WASHINGTON, C=US
78109F90CE8095CDE2650E065CFAB348030939C99E428F172D726077C4611677,%SYSTEM32%\SRVCLI.DLL,O=MICROSOFT CORPORATION, L=REDMOND, S=WASHINGTON, C=US
06B9DE30CC3606F184705A6F767297381BE19006E3471BB39289B0A64D3DBB69,%SYSTEM32%\LOGONCLI.DLL,O=MICROSOFT CORPORATION, L=REDMOND, S=WASHINGTON, C=US
5802248486A4F9902177DB283DB701C5FEA128E12D889191ACB315282564F62D,%SYSTEM32%\DSROLE.DLL,O=MICROSOFT CORPORATION, L=REDMOND, S=WASHINGTON, C=US
55E6CF2E38C3DA2D23FE78324514E8D6250F16E2C6E9DE7C25FE8561FE269FC6,%SYSTEM32%\NETUTILS.DLL,O=MICROSOFT CORPORATION, L=REDMOND, S=WASHINGTON, C=US
C96D035C2D203585005AD638EC52D658C5A5EE195FFDCA3A67B9C38B8BE3AAB9,%SYSTEM32%\ELS.DLL,O=MICROSOFT CORPORATION, L=REDMOND, S=WASHINGTON, C=US
4FC78429C235904FB4D28A3A6489FDE0BEF4E2A7048E5A275BF998AAF7A07F41,%SYSTEM32%\APPHELP.DLL,O=MICROSOFT CORPORATION, L=REDMOND, S=WASHINGTON, C=US
07222BA6518240A364E7F40323413557FD7E23D0878F3584883EA8917483B11D,%SYSTEM32%\PROFAPI.DLL,O=MICROSOFT CORPORATION, L=REDMOND, S=WASHINGTON, C=US
FC072CC08B79FEB7FE799F247EA6C559B2921A7DE6B2C16F561E7CEAE5F5A76F,%SYSTEM32%\MSXML6.DLL,O=MICROSOFT CORPORATION, L=REDMOND, S=WASHINGTON, C=US
2609A1AC7A9528B84362A4890DAA9297A617080EA679692E5398975BD4AA2874,%SYSTEM32%\MMCNDMGR.DLL,O=MICROSOFT CORPORATION, L=REDMOND, S=WASHINGTON, C=US
C186C29B75B963382079CA58991AA43EADE9AAE80B7A566706E80C6BD23E0696,%SYSTEM32%\CLBCATQ.DLL,O=MICROSOFT CORPORATION, L=REDMOND, S=WASHINGTON, C=US
B9D2C18FC9F8F42FAAB2460EF523E2303DDC353C418D547CB97F77BAA1478A69,%SYSTEM32%\WININET.DLL,O=MICROSOFT CORPORATION, L=REDMOND, S=WASHINGTON, C=US
294C7E421A15636CAFE0371E9E0A350BA227CA3FB3C8F968C5188E150103C539,%SYSTEM32%\IERTUTIL.DLL,O=MICROSOFT CORPORATION, L=REDMOND, S=WASHINGTON, C=US
9C6108C4039099030E377D77413838945DDEF0B38E2F5B98950E76183155DFE9,%SYSTEM32%\URLMON.DLL,O=MICROSOFT CORPORATION, L=REDMOND, S=WASHINGTON, C=US
747B0C28BEA7FB24C3B4D56098FE2323B65F44408B022BE52C5F1989638D3346,%SYSTEM32%\BCRYPTPRIMITIVES.DLL,O=MICROSOFT CORPORATION, L=REDMOND, S=WASHINGTON, C=US
F99C307D0FBE18609BC4F6A599B28800AED1DD8D92E70EE8073ADDA9BB2FA539,%SYSTEM32%\CRYPTBASE.DLL,O=MICROSOFT CORPORATION, L=REDMOND, S=WASHINGTON, C=US
153A43E4CB2253FDC06E3AE5CC70E7DA04E4D59ACC6ED596174E390E8D852333,%SYSTEM32%\KERNEL.APPCORE.DLL,O=MICROSOFT CORPORATION, L=REDMOND, S=WASHINGTON, C=US
9A72EF35A5FFC2D663069DA6B55B90F3677D8D3A2F8B2873624838776302D719,%WINDIR%\WINSXS\AMD64_MICROSOFT.WINDOWS.COMMON-CONTROLS_6595B64144CCF1DF_6.0.9600.16384_NONE_62475F7BECB72503\COMCTL32.DLL,O=MICROSOFT CORPORATION, L=REDMOND, S=WASHINGTON, C=US
A8864EFF3AEBF84B7A3BBA03E033D12339B726B4D7C36828E7717360C9EA48C7,%SYSTEM32%\DUI70.DLL,O=MICROSOFT CORPORATION, L=REDMOND, S=WASHINGTON, C=US
C0F7DC8B06C06AFA1E628BE22CF43C79A427D0F403BC6640C04C9DF45B4663A0,%SYSTEM32%\IMM32.DLL,O=MICROSOFT CORPORATION, L=REDMOND, S=WASHINGTON, C=US
A49AC6FC872BF819779F97A64EDC94B0FC494B284F369506066D3BAE725C21A9,%SYSTEM32%\SHCORE.DLL,O=MICROSOFT CORPORATION, L=REDMOND, S=WASHINGTON, C=US
8D3F5D1019A2C644AFFF0EAB4CB63D3942EFA821519B8E433BE5EA120AB208E8,%SYSTEM32%\COMBASE.DLL,O=MICROSOFT CORPORATION, L=REDMOND, S=WASHINGTON, C=US
0EC245446332062F8273CEDCA50CB28ED458965824B2E223DFA7BF4C2F7C8454,%SYSTEM32%\ODBC32.DLL,O=MICROSOFT CORPORATION, L=REDMOND, S=WASHINGTON, C=US
C1ADAB0BAB5EE0658DF0606912BC7DB84A027F014481A77A8F484BC4BFD76655,%SYSTEM32%\DUSER.DLL,O=MICROSOFT CORPORATION, L=REDMOND, S=WASHINGTON, C=US
1442CCF4DFF89CC093CEA478A7FA3155F7C24B9B165B3EEED8B9059AB5071AAE,%SYSTEM32%\UXTHEME.DLL,O=MICROSOFT CORPORATION, L=REDMOND, S=WASHINGTON, C=US
1D3CB358C06105C1404DE68FACEB3509CA286BCE620C270C1C1D1E2B2A0DB18E,%SYSTEM32%\MMCBASE.DLL,O=MICROSOFT CORPORATION, L=REDMOND, S=WASHINGTON, C=US
B83E15B41ED15389C87AD33E34FF4C5075EF0AAB7160EA8177C028A348403B89,%SYSTEM32%\MFC42U.DLL,O=MICROSOFT CORPORATION, L=REDMOND, S=WASHINGTON, C=US
9C8E7E3C4052AA2E0F08A4366D3AE7AEDA6D235FC3918998193D0C0F7202BAE9,%SYSTEM32%\MMC.EXE,O=MICROSOFT CORPORATION, L=REDMOND, S=WASHINGTON, C=US
B6A61F4026C338E0AAECB6E593B8FD7C2D0757CB1A1DB279BCFC21A882F52F06,%SYSTEM32%\SECUR32.DLL,O=MICROSOFT CORPORATION, L=REDMOND, S=WASHINGTON, C=US
0202C1BDB90DE2B662F066DD182F11EE6B90BA66FAFA536051AC10F372321396,%SYSTEM32%\SFC_OS.DLL,O=MICROSOFT CORPORATION, L=REDMOND, S=WASHINGTON, C=US
5E78F841083FA1D6A44121519C037645C8953BE55CB96BFB3F8912A01EBF0F53,%SYSTEM32%\PCACLI.DLL,O=MICROSOFT CORPORATION, L=REDMOND, S=WASHINGTON, C=US
6B13954B303F02A55A9AE8EAC81615755B60E6CA87C7100DF54DF48F4FC9FF5A,%SYSTEM32%\EVENTVWR.EXE,O=MICROSOFT CORPORATION, L=REDMOND, S=WASHINGTON, C=US
46BEA9A064C5883592F7CE0559A08760AE4A4A96318D3D8A82A3EBAF3B558030,%SYSTEM32%\IEFRAME.DLL,O=MICROSOFT CORPORATION, L=REDMOND, S=WASHINGTON, C=US
6F6121080EECFD2EC7AC1C124864B2C95631E4C372BB2881553EA0697C9BCB84,%SYSTEM32%\PROPSYS.DLL,O=MICROSOFT CORPORATION, L=REDMOND, S=WASHINGTON, C=US
2657754B4232C081CDFF44B0781B23E4149D4D51D1F5382421DD52258387D784,%SYSTEM32%\CLBCATQ.DLL,O=MICROSOFT CORPORATION, L=REDMOND, S=WASHINGTON, C=US
ED3EC28AED1C7B10BF9879768227315FFAA732D77D76845732C049303BFD2035,%SYSTEM32%\UXTHEME.DLL,O=MICROSOFT CORPORATION, L=REDMOND, S=WASHINGTON, C=US
D08048DDAEB3C5FAE73FFF5BE2E435F5BAD79BE030C054EB65F60C0FB1B592D7,%SYSTEM32%\KERNEL.APPCORE.DLL,O=MICROSOFT CORPORATION, L=REDMOND, S=WASHINGTON, C=US
A845BBCFECBB74E7637E91D736D3FC3C2A51CDBC6FA70A25C5F18BB44467143E,%SYSTEM32%\MSIMG32.DLL,O=MICROSOFT CORPORATION, L=REDMOND, S=WASHINGTON, C=US
F0B7BFFF5976DD5B28A0A624054BD00A6E890B50881EE72E02A2EAC6DCAAD48C,%PROGRAMFILES%\NOTEPAD++\SCILEXER.DLL,
A5E72429EEC1B3A7D74FDA423FD35C7F9832C10130FE4E5696ADA29146F90715,%SYSTEM32%\IMM32.DLL,O=MICROSOFT CORPORATION, L=REDMOND, S=WASHINGTON, C=US
ECAA532E09CC2EDD4836C1F07C64E11A55AADD34AC2F4F940FD77DAF546A2284,%SYSTEM32%\SHCORE.DLL,O=MICROSOFT CORPORATION, L=REDMOND, S=WASHINGTON, C=US
3ECC9D3FD037A201BA2755383D9CAFDD1FE6DEDA0239DE72E98B0E8AFEF16A37,%SYSTEM32%\COMBASE.DLL,O=MICROSOFT CORPORATION, L=REDMOND, S=WASHINGTON, C=US
74E6B3253847F838F0BF12F6D8FF15E5F72EDF8AD3204978B7930311109B966B,%WINDIR%\WINSXS\X86_MICROSOFT.WINDOWS.COMMON-CONTROLS_6595B64144CCF1DF_6.0.9600.16384_NONE_A9F4965301334E09\COMCTL32.DLL,O=MICROSOFT CORPORATION, L=REDMOND, S=WASHINGTON, C=US
30C8D054F282639839A35C4570D5BAB5C04121176F5F562A0ADA68D1AAA5118A,%PROGRAMFILES%\NOTEPAD++\NOTEPAD++.EXE,
51494080E104666BDB635E4F19CC99CD118D1A4455B34B9819A5F158609EBF14,%SYSTEM32%\MYDOCS.DLL,O=MICROSOFT CORPORATION, L=REDMOND, S=WASHINGTON, C=US
BF7E0EDD2D98D431BDDBA522F4EB9B789E766D81B2B304467F4D2E40ABA4C847,%SYSTEM32%\SENDMAIL.DLL,O=MICROSOFT CORPORATION, L=REDMOND, S=WASHINGTON, C=US
411E3874EC996458ABFA764A3B74688CD67D2FE4C5031B7CB732B8C73CFB6675,%SYSTEM32%\ZIPFLDR.DLL,O=MICROSOFT CORPORATION, L=REDMOND, S=WASHINGTON, C=US
AA496196FF651FE43C672007F8651A9A8BABB1B119BF62850D2DD1D8D04FA8DA,%SYSTEM32%\NETAPI32.DLL,O=MICROSOFT CORPORATION, L=REDMOND, S=WASHINGTON, C=US
496AFDFA30C2EE5BAFBCE45FADF5002D6B03FAE856924B2F1EDED3E7A390FA41,%SYSTEM32%\WEBSERVICES.DLL,O=MICROSOFT CORPORATION, L=REDMOND, S=WASHINGTON, C=US
37E2C7E11E7FCA3E34B57744BD640BBBC2765FA0D209641BA90C9FFC6B361D0C,%SYSTEM32%\TBS.DLL,O=MICROSOFT CORPORATION, L=REDMOND, S=WASHINGTON, C=US
D56EABC750BDF4C2EFAE2393A090780263105E88F329D396BB5231B653A4DE6E,%SYSTEM32%\APPREPAPI.DLL,O=MICROSOFT CORPORATION, L=REDMOND, S=WASHINGTON, C=US
A9D86A38BEA657FD194351269FB3434DB5D1D4D12EBEB39D02D6416E0AB3153D,%SYSTEM32%\APPREPSYNC.DLL,O=MICROSOFT CORPORATION, L=REDMOND, S=WASHINGTON, C=US
A97FCCC0CA5E32718FDF79B31BB4D1EB36821B5CBABAE93747D53EC35D229CF0,%SYSTEM32%\USER32.DLL,O=MICROSOFT CORPORATION, L=REDMOND, S=WASHINGTON, C=US
7CBAFCA11D12E2A2EFA2969E5B52FD1A7C19A594964E041FC534C107D7AC461A,%SYSTEM32%\TASKHOST.EXE,O=MICROSOFT CORPORATION, L=REDMOND, S=WASHINGTON, C=US
17D8D0EDD12554C2BBC910F425C90503ACEB8BE9E99C189ECBE4B86036E53D36,%SYSTEM32%\FAULTREP.DLL,O=MICROSOFT CORPORATION, L=REDMOND, S=WASHINGTON, C=US
33D4051FB2459A810AB212669E0818CBBFF927CFFB3C47B6CD5C173F991985CA,%SYSTEM32%\WER.DLL,O=MICROSOFT CORPORATION, L=REDMOND, S=WASHINGTON, C=US
56022FDA8C2D26A967ED30A4ED3CDE993D2C8164E3BEBC631AE692321773AFCA,%SYSTEM32%\WERFAULT.EXE,O=MICROSOFT CORPORATION, L=REDMOND, S=WASHINGTON, C=US
94A112174A4CDDEFA93CAEC3821E1CACC02675D3555F0479A509D90923254865,%SYSTEM32%\WERMGR.EXE,O=MICROSOFT CORPORATION, L=REDMOND, S=WASHINGTON, C=US
BC24A0450284614AFF342534F9C7FA8BFA994BB4E1192A06EFFE4BE68E7DD7E6,%SYSTEM32%\TASKSCHD.DLL,O=MICROSOFT CORPORATION, L=REDMOND, S=WASHINGTON, C=US
C69A3D176F414323317EF0D258EEC4D0740F9F1FE6C158D0F42CFB6E926391D3,%SYSTEM32%\RASADHLP.DLL,O=MICROSOFT CORPORATION, L=REDMOND, S=WASHINGTON, C=US
C9B6A6F9FEE751F6CE95EEAEE5493DA20DE776DEE2235352883E44C6B2D46ABF,%SYSTEM32%\DNSAPI.DLL,O=MICROSOFT CORPORATION, L=REDMOND, S=WASHINGTON, C=US
A888504535F6C71981A457A043F031AAC019ABC4FB67B706E8B7F4F028ECE47D,%SYSTEM32%\URLMON.DLL,O=MICROSOFT CORPORATION, L=REDMOND, S=WASHINGTON, C=US
DBAC44A3CFDAC1EED0DB50497B1DDFE28209BD00085EF1C99A0A7056CC3F669C,%SYSTEM32%\WINNSI.DLL,O=MICROSOFT CORPORATION, L=REDMOND, S=WASHINGTON, C=US
8CCCF0E6386C624E4554B0EEFDAE76604EE1E0C92A51F2EA33608D46458BACA6,%SYSTEM32%\IPHLPAPI.DLL,O=MICROSOFT CORPORATION, L=REDMOND, S=WASHINGTON, C=US
DA0BED4D43FDC0E194BBA5AE9A1C61816CDD54F1CFEBEDABE21BB5CC6EAB725E,%SYSTEM32%\MSWSOCK.DLL,O=MICROSOFT CORPORATION, L=REDMOND, S=WASHINGTON, C=US
7167D9BF0D47D4C652757B2D533CA788F39FC627A33A3392C2879C3C884FA0DE,%SYSTEM32%\WINHTTP.DLL,O=MICROSOFT CORPORATION, L=REDMOND, S=WASHINGTON, C=US
5C68D82AE4296EEF4752E916F197A36A4D2A004C5BFB527AD028737254D04FDE,%SYSTEM32%\ONDEMANDCONNROUTEHELPER.DLL,O=MICROSOFT CORPORATION, L=REDMOND, S=WASHINGTON, C=US
2988ACCCA1C1973DD895654D86747BA9158EB92A7E8C5290FEA4D96B10AE857E,%SYSTEM32%\PROFAPI.DLL,O=MICROSOFT CORPORATION, L=REDMOND, S=WASHINGTON, C=US
7AF529FB13C53AC796A582C3A492BAE2633F33DE9FF106D57ECB0FF77F0E53E2,%SYSTEM32%\SECUR32.DLL,O=MICROSOFT CORPORATION, L=REDMOND, S=WASHINGTON, C=US
7CA5E939EE1F89E639C53F44F3F9CD93B51519C4F22E59C64FA33F4D9CEE098A,%SYSTEM32%\WSOCK32.DLL,O=MICROSOFT CORPORATION, L=REDMOND, S=WASHINGTON, C=US
48EE442E4DEFA34DB25A922036DFC67F4E8FC279B712D711A16D01AD9BB586F5,%PROGRAMFILES%\JAVA\JRE7\BIN\CLIENT\JVM.DLL,O=ORACLE AMERICA, INC., L=REDWOOD SHORES, S=CALIFORNIA, C=US
B47B42E22EB6E6F3214B9DF33A94EED18E0A9A3394543BDD48D27457F5639E1D,%PROGRAMFILES%\JAVA\JRE7\BIN\MSVCR100.DLL,O=MICROSOFT CORPORATION, L=REDMOND, S=WASHINGTON, C=US
D6857D22789FC300074D70C059BF77EB1666CFE34D50C459E0E5C5608015792C,%SYSTEM32%\DEVOBJ.DLL,O=MICROSOFT CORPORATION, L=REDMOND, S=WASHINGTON, C=US
303929249A0A915D69C40A6640F6C3BB6239FDF8A877D72160093A55069EE455,%SYSTEM32%\CFGMGR32.DLL,O=MICROSOFT CORPORATION, L=REDMOND, S=WASHINGTON, C=US
3908AF47C38E36A19500A7895722B4342C04529C8853933F39929CD0E8E248F6,%SYSTEM32%\WININET.DLL,O=MICROSOFT CORPORATION, L=REDMOND, S=WASHINGTON, C=US
427D6E56EEF3D289F2EB00957918452372362FF4B4A727BAD537B88E1641446D,%SYSTEM32%\IERTUTIL.DLL,O=MICROSOFT CORPORATION, L=REDMOND, S=WASHINGTON, C=US
4C5160C54C66E80A564C47116E520C8B6F95C0555DC9DA9E28E886E6B3278E1C,%SYSTEM32%\WINMMBASE.DLL,O=MICROSOFT CORPORATION, L=REDMOND, S=WASHINGTON, C=US
F66CADD19B0B7B8FB97527CFCB8DFB47C1A261DE9A6665B2F7EAB24CA3085B8E,%SYSTEM32%\MPR.DLL,O=MICROSOFT CORPORATION, L=REDMOND, S=WASHINGTON, C=US
53C9150DBC1FECFE28BC0928CF5BEDE191693D60063D68E824AC6F4B400B0610,%SYSTEM32%\WINSPOOL.DRV,O=MICROSOFT CORPORATION, L=REDMOND, S=WASHINGTON, C=US
21F8F5A9675027F9858B7408D7B61EA2497E416DDBF01E56368038E80E6CF3F7,%SYSTEM32%\DWMAPI.DLL,O=MICROSOFT CORPORATION, L=REDMOND, S=WASHINGTON, C=US
AF14EFE4B738C00D682F1D039AF2FD7AFC1947284A86C186048592B401641F05,%SYSTEM32%\USERENV.DLL,O=MICROSOFT CORPORATION, L=REDMOND, S=WASHINGTON, C=US
62EAD0A9A7209EA0EB1B228285DFBEC81C7A613199534298D13EDE290A964306,%SYSTEM32%\VERSION.DLL,O=MICROSOFT CORPORATION, L=REDMOND, S=WASHINGTON, C=US
D522558949B6B22528FBFC2B9A231B9C614F6C36E0F8BB5F96CC080F626077EB,%SYSTEM32%\MSACM32.DLL,O=MICROSOFT CORPORATION, L=REDMOND, S=WASHINGTON, C=US
5D7044443DC0B75AA8B9743F494FF0FF9288BBBEB00CA757FD7401349C6151D2,%SYSTEM32%\SAMCLI.DLL,O=MICROSOFT CORPORATION, L=REDMOND, S=WASHINGTON, C=US
912F815CCBE36FBA1415FED5441F4237E029ACBB2A794215688B30372D46D0FE,%SYSTEM32%\WINMM.DLL,O=MICROSOFT CORPORATION, L=REDMOND, S=WASHINGTON, C=US
55A17ECF392C408DB83E6742050F692A1820CC65AAF8B8365EBCF21E95083EAF,%WINDIR%\APPPATCH\ACGENRAL.DLL,O=MICROSOFT CORPORATION, L=REDMOND, S=WASHINGTON, C=US
0E690478DAAF56D985F0E503CBCBDB93308117DE0BE23E13A3A5B59F95BD8C61,%SYSTEM32%\APPHELP.DLL,O=MICROSOFT CORPORATION, L=REDMOND, S=WASHINGTON, C=US
D70B52E500520DF8D9B30C1CC9310A90917AE6FFA6EC2A9407CD6C9BC6F64C78,%PROGRAMFILES%\JAVA\JRE7\BIN\JAVA.EXE,O=ORACLE AMERICA, INC., L=REDWOOD SHORES, S=CALIFORNIA, C=US
EE4FAB4E477F3B50C9FE9AE1867F740F3B5F993B6D92F0E404FFE9F9B60135A6,%SYSTEM32%\USBCEIP.DLL,O=MICROSOFT CORPORATION, L=REDMOND, S=WASHINGTON, C=US
C4A867A2EC200EA0B1A42834FCADE339F8F9CC5C5C3ABAAE6E4424D15E64C0F9,%SYSTEM32%\DEVICESETUPMANAGERAPI.DLL,O=MICROSOFT CORPORATION, L=REDMOND, S=WASHINGTON, C=US
60270DDAB92AF47C0BD0DDB4C229E124C146DC68F1F516A88B835548E3BAAD77,%PROGRAMFILES%\INTERNET EXPLORER\IEPROXY.DLL,O=MICROSOFT CORPORATION, L=REDMOND, S=WASHINGTON, C=US
2BC313886E792628411ADD0DE262AAE6CEEB05119082E11528C30CF3143B83AD,%SYSTEM32%\HCPROVIDERS.DLL,O=MICROSOFT CORPORATION, L=REDMOND, S=WASHINGTON, C=US
29F388DF7928E24C1021B95E869328C28E9FC51CC327C4E4A793ACDCD0BA03C2,%SYSTEM32%\WERCPLSUPPORT.DLL,O=MICROSOFT CORPORATION, L=REDMOND, S=WASHINGTON, C=US
273919E906F3D0CBA56F28DC6EB83032CD6202CF6DB5112DCF25A596C96498B5,%SYSTEM32%\FRAMEDYNOS.DLL,O=MICROSOFT CORPORATION, L=REDMOND, S=WASHINGTON, C=US
0309189F2BFB77690C3366438F2B3F0EF9CD2689F20B14D715D977440D877312,%SYSTEM32%\WERCONCPL.DLL,O=MICROSOFT CORPORATION, L=REDMOND, S=WASHINGTON, C=US
994A83EC58CCE5822BE4FC0E4032B2E1DE0D5D5109EB55ED2A7633E0734E8A09,%PROGRAMFILES%\NOTEPAD++\PLUGINS\PLUGINMANAGER.DLL,
184D010CFE9DE81AA5DFE0E85C1A01700515CDA18C4683B5FE7C299DF0C8A5B1,%PROGRAMFILES%\NOTEPAD++\PLUGINS\NPPFTP.DLL,
388BDBF9CFC59A24F32C969CFBAB67A2BE1BD1E0698CCDF4CF35F3F23B318540,%PROGRAMFILES%\NOTEPAD++\PLUGINS\NPPEXPORT.DLL,
3ADEDBCEA5C0B4F5D78B6DE22E771B4CDFE9946221C75C1D5B33C06AA9BFE5AD,%PROGRAMFILES%\NOTEPAD++\PLUGINS\NPPCONVERTER.DLL,
4D61A6D250FEC554AE2B6E9E863E79FCA5169F2E59BD452FB40D1007E74599FA,%PROGRAMFILES%\NOTEPAD++\PLUGINS\MIMETOOLS.DLL,
BFA31ECF442E332BDFDB75C4D9B39DA2FF50C3FBA77D88C5C43E1BD2A82C9BAD,%SYSTEM32%\WINDOWSCODECS.DLL,O=MICROSOFT CORPORATION, L=REDMOND, S=WASHINGTON, C=US
7ED5BDDD88F9C8510271F5CA159008C6938439959B92CD0C9DC2FDB62C404D2B,%WINDIR%\WINSXS\X86_MICROSOFT.WINDOWS.COMMON-CONTROLS_6595B64144CCF1DF_5.82.9600.16384_NONE_7C55C866AA0C3FF0\COMCTL32.DLL,O=MICROSOFT CORPORATION, L=REDMOND, S=WASHINGTON, C=US
10039735831F6661FD4DA874CE8AB70F9AF056DA8192237B28C672E9CEFD961A,%PROGRAMFILES%\NOTEPAD++\UPDATER\LIBCURL.DLL,
BAA7EAE6330E1F7A9658D1DE5B1FC9AA2255F4913C566A1A1429C924E9B1F2D5,%PROGRAMFILES%\NOTEPAD++\UPDATER\GUP.EXE,
26C526419320A074C3DB3F185586D303CB69C7795E3929439A8A1585CCF38073,%SYSTEM32%\BCRYPT.DLL,O=MICROSOFT CORPORATION, L=REDMOND, S=WASHINGTON, C=US
2E63F75E4BF4C238EA0F86BD529BB52E6158791682E026424A2A5DB0078DEBA0,%SYSTEM32%\RSAENH.DLL,O=MICROSOFT CORPORATION, L=REDMOND, S=WASHINGTON, C=US
C5E08B55E9792028995CC0B234AB990B49A82E399E559FCC58A902C850ECBE59,%SYSTEM32%\CRYPTSP.DLL,O=MICROSOFT CORPORATION, L=REDMOND, S=WASHINGTON, C=US
916DDAA04914A957CA8FD46F22AE4434B2CF12447CB741D71C4DF51DEDD91C91,%WINDIR%\WINSXS\AMD64_MICROSOFT.VC90.CRT_1FC8B3B9A1E18E3B_9.0.30729.8387_NONE_08E793BFA83A89B5\MSVCR90.DLL,O=MICROSOFT CORPORATION, L=REDMOND, S=WASHINGTON, C=US
6946EB951654F2A835E5E48152AD8AE8BBD2B470328032EC28B842AF27972993,%PROGRAMFILES%\NOTEPAD++\NPPSHELL_06.DLL,
C32F143B6FD47D5184CCA5C9CBEEC30427DBC892875470DB405F68489C113D1F,%SYSTEM32%\TWEXT.DLL,O=MICROSOFT CORPORATION, L=REDMOND, S=WASHINGTON, C=US
A329D7C63852015525B43A391094E6765F9B7F7CC022AEED1DBF9A24AE6D9DAF,%WINDIR%\ASSEMBLY\NATIVEIMAGES_V4.0.30319_64\SYSTEM.NUMERICS\7F6AEA7624F9774B0E81D4355174F9BE\SYSTEM.NUMERICS.NI.DLL,
0A89C02871646B91F2C41CC16A8478905A55C6FB50A546B74DE43CAC48B3282A,%WINDIR%\ASSEMBLY\NATIVEIMAGES_V4.0.30319_64\MICROSOFT.W9E8926D3#\8BB935A57C8CCD572CFCDA8E2E3A4A0B\MICROSOFT.WINDOWS.FILESERVER.MANAGEMENT.COMMON.NI.DLL,
183A84B28EE9CAC9CCFAB8816A4643C9E7D0EF6CCA2D40BB84FD4DAB0DC2335A,%WINDIR%\ASSEMBLY\NATIVEIMAGES_V4.0.30319_64\MICROSOFT.W7B7C0837#\C814C21A71CC1CE092D471DC4C76228C\MICROSOFT.WINDOWS.FILESERVER.MANAGEMENT.PLUGIN.NI.DLL,
05A8F96F644B6E47C90CA83A547ADC2D4F1ECB42CFA5A90841CC5307C0D853B5,%PROGRAMFILES%\QUICKTIME\QTTASK.EXE,
6DBAE71583953CCC659F4F0B29C33E835C9FBDEFCA25BE9042C1BC1383B1CDE2,%WINDIR%\ASSEMBLY\NATIVEIMAGES_V4.0.30319_64\MICROSOFT.W9E7DB7C5#\DF4AE44651AF76EB9137D5280758DF11\MICROSOFT.WINDOWS.FILESERVER.MANAGEMENT.PLUGIN.UI.NI.DLL,
7AEF7A5E541D5453CAA634279E2BE7586D704CC049956BE573294BA424B0A361,%PROGRAMFILES%\COMMON FILES\APPLE\APPLE APPLICATION SUPPORT\LIBXML2.DLL,O=APPLE INC., L=CUPERTINO, S=CALIFORNIA, C=US
CAC907C7266F64AF192EFB4331C61274CDDCB5AD8FE1E7B58753895DAA042E1D,%PROGRAMFILES%\COMMON FILES\APPLE\APPLE APPLICATION SUPPORT\ZLIB1.DLL,O=APPLE INC., L=CUPERTINO, S=CALIFORNIA, C=US
4937D7C2028351F298970EB510FDA2A86AFBD1E6F6B4274186E1498B2E41AC6C,%PROGRAMFILES%\COMMON FILES\APPLE\APPLE APPLICATION SUPPORT\SQLITE3.DLL,O=APPLE INC., L=CUPERTINO, S=CALIFORNIA, C=US
6BB649D8724F25F121867CD186BC352B199A42AFD0DB0113BBEE35B355184AE4,%PROGRAMFILES%\COMMON FILES\APPLE\APPLE APPLICATION SUPPORT\CFNETWORK.DLL,O=APPLE INC., L=CUPERTINO, S=CALIFORNIA, C=US
66059F0E15DFD0750FDDD427DCA1A3CB8D37DE306EA33F156FB32BA1EFE113F3,%PROGRAMFILES%\COMMON FILES\APPLE\APPLE APPLICATION SUPPORT\APSDAEMON_MAIN.DLL,O=APPLE INC., L=CUPERTINO, S=CALIFORNIA, C=US
8E73252C080EB2CFB7474285C4D0F1E13B6BB10DF4C2440306E1C8409A9DE737,%PROGRAMFILES%\COMMON FILES\APPLE\APPLE APPLICATION SUPPORT\ICUDT46.DLL,O=APPLE INC., L=CUPERTINO, S=CALIFORNIA, C=US
B8B1534B3C2433D7D4AE737CC37DF8AED27A53622D1A9DB3CE3B0E55BC2777B0,%PROGRAMFILES%\COMMON FILES\APPLE\APPLE APPLICATION SUPPORT\LIBICUUC.DLL,O=APPLE INC., L=CUPERTINO, S=CALIFORNIA, C=US
58CB156E5DF074485EBA7C87C5E269D3151307C0F771CB2726908023BEFF0CE7,%PROGRAMFILES%\COMMON FILES\APPLE\APPLE APPLICATION SUPPORT\LIBICUIN.DLL,O=APPLE INC., L=CUPERTINO, S=CALIFORNIA, C=US
6A7695D4019F6D40E0FBBA83664BBB66858C4FC0FC29DD4DDEAAF57361717EFE,%PROGRAMFILES%\COMMON FILES\APPLE\APPLE APPLICATION SUPPORT\LIBDISPATCH.DLL,O=APPLE INC., L=CUPERTINO, S=CALIFORNIA, C=US
0C6F6D8C239E35AC4ACF342458E7638499231148C1C8107DF6CBDBA3F41E4D8F,%PROGRAMFILES%\COMMON FILES\APPLE\APPLE APPLICATION SUPPORT\OBJC.DLL,O=APPLE INC., L=CUPERTINO, S=CALIFORNIA, C=US
3959B64C250EF4191E29F83D77BF351845B8F2539FC1056B8BD4A59DDC819FCE,%PROGRAMFILES%\COMMON FILES\APPLE\APPLE APPLICATION SUPPORT\PTHREADVC2.DLL,O=APPLE INC., L=CUPERTINO, S=CALIFORNIA, C=US
D876D01FBC4F7610EE900B09DD90DFF27E265DBB025887E4CCAE229F43A2DC43,%PROGRAMFILES%\COMMON FILES\APPLE\APPLE APPLICATION SUPPORT\ASL.DLL,O=APPLE INC., L=CUPERTINO, S=CALIFORNIA, C=US
6E66AFBE69CCE04239AB409CFE194807EFA57711F003B39280D5DA9AE1BCA23F,%PROGRAMFILES%\COMMON FILES\APPLE\APPLE APPLICATION SUPPORT\COREFOUNDATION.DLL,O=APPLE INC., L=CUPERTINO, S=CALIFORNIA, C=US
A9644BDE5EB57F6424DC5258031B517456FF7920EE1D3CDE517C0E0F0EF48F86,%PROGRAMFILES%\COMMON FILES\APPLE\APPLE APPLICATION SUPPORT\YSCRASHDUMP.DLL,O=APPLE INC., L=CUPERTINO, S=CALIFORNIA, C=US
E25EFE8185B4F27A2AB0BA7A13C6601E084AAD44FA105D8B9A46365EF9FC4554,%PROGRAMFILES%\COMMON FILES\APPLE\APPLE APPLICATION SUPPORT\APPLEVERSIONS.DLL,O=APPLE INC., L=CUPERTINO, S=CALIFORNIA, C=US
BBB351A9F15AB9017FC0C20E056F102678D10C9D0B011688B479F6FD93A4B606,%WINDIR%\WINSXS\X86_MICROSOFT.VC80.CRT_1FC8B3B9A1E18E3B_8.0.50727.8428_NONE_D08A11E2442DC25D\MSVCR80.DLL,O=MICROSOFT CORPORATION, L=REDMOND, S=WASHINGTON, C=US
FB60C22FDDFC7448917AA2FDD3074D2B7F079D41EAB1341E9572C6E11BF574C4,%WINDIR%\WINSXS\X86_MICROSOFT.VC80.CRT_1FC8B3B9A1E18E3B_8.0.50727.8428_NONE_D08A11E2442DC25D\MSVCP80.DLL,O=MICROSOFT CORPORATION, L=REDMOND, S=WASHINGTON, C=US
CA202C298705EFFBD5E0D929B8EC1E91801AA95C393BA4F99A864C5391B8E832,%PROGRAMFILES%\COMMON FILES\APPLE\APPLE APPLICATION SUPPORT\APSDAEMON.EXE,O=APPLE INC., L=CUPERTINO, S=CALIFORNIA, C=US
F15FF468F3DDA64DA15E15F0CBAC6632B8A4670DF317477E4F9F417E870F3DC4,%WINDIR%\ASSEMBLY\NATIVEIMAGES_V4.0.30319_64\MICROSOFT.WB9B5BB58#\C273CDDE9A11F1562AAE3F825495BC4F\MICROSOFT.WINDOWS.SERVERMANAGER.DEPLOYMENT.EXTENSION.NI.DLL,
F97BD22716864FCDF766510FC186F06EAFCA0B6B9A513807EFD951CE027049D0,%WINDIR%\MICROSOFT.NET\ASSEMBLY\GAC_MSIL\MICROSOFT.WINDOWS.SERVERMANAGER.WEBSERVERROLE.PLUGIN\V4.0_6.3.0.0__31BF3856AD364E35\MICROSOFT.WINDOWS.SERVERMANAGER.WEBSERVERROLE.PLUGIN.DLL,O=MICROSOFT CORPORATION, L=REDMOND, S=WASHINGTON, C=US
F44C572373BEA0F9F2540EA678317478A1A91E24EEFE3E31B1233C23A39D9E34,%SYSTEM32%\POWRPROF.DLL,O=MICROSOFT CORPORATION, L=REDMOND, S=WASHINGTON, C=US
CE29D59246ECCEB73521DA72E7E5EA7B6E7C472A64135F9BE6DE7B437A4684CD,%PROGRAMFILES%\COMMON FILES\JAVA\JAVA UPDATE\JUSCHED.EXE,O=ORACLE AMERICA, INC., L=REDWOOD SHORES, S=CALIFORNIA, C=US
1738C45C7257FCEE4EEDCA7935BE12CBC3E5E7186E4B2941CCB92E517B7EA3BB,%PROGRAMFILES%\INTERNET EXPLORER\SQMAPI.DLL,O=MICROSOFT CORPORATION, L=REDMOND, S=WASHINGTON, C=US
79AABF743BC622934B337409DD88C6550109F9886E9FB751E3D7C957BCDF5785,%SYSTEM32%\MSVCP100.DLL,O=MICROSOFT CORPORATION, L=REDMOND, S=WASHINGTON, C=US
AEFCEE7847DFABA123E2BCAF5A410F6CF7DD181FF233EC787B77F5C0D777B9F7,%PROGRAMFILES%\ADOBE\READER 11.0\READER\READER_SL.EXE,O=ADOBE SYSTEMS, INCORPORATED, L=SAN JOSE, S=CALIFORNIA, C=US
A61321F60CD30ECAC9EF98387EC30988F4558A469545060A9717FD591FCD4900,%SYSTEM32%\SENSAPI.DLL,O=MICROSOFT CORPORATION, L=REDMOND, S=WASHINGTON, C=US
7C602B25FBF685B002A8E05177D2BDFFCF6E7C883A8E7F81A81F24A402BE60F6,%SYSTEM32%\MSI.DLL,O=MICROSOFT CORPORATION, L=REDMOND, S=WASHINGTON, C=US
8A2E7187B33829D2918411F183EB375D083C3B898CC1340F3FCF9BE9F88FEA69,%PROGRAMFILES%\COMMON FILES\ADOBE\ARM\1.0\ADOBEARM.EXE,O=ADOBE SYSTEMS, INCORPORATED, L=SAN JOSE, S=CALIFORNIA, C=US
521911FE4BA6C2DCF4610F5C711BA0B2B5DB448FB9627420483F00F298F48E24,%SYSTEM32%\RUNONCE.EXE,O=MICROSOFT CORPORATION, L=REDMOND, S=WASHINGTON, C=US
30030AC269D98D8A96A3190129085142898A01F24F440D066B762B5A04267E5D,%SYSTEM32%\LINKINFO.DLL,O=MICROSOFT CORPORATION, L=REDMOND, S=WASHINGTON, C=US
D89D99B9D1B37D1E29BC8785055AB2FA0E9EC9694E5D84CAA727796A2E744F93,%SYSTEM32%\VSOCKLIB.DLL,O=VMWARE, INC., L=PALO ALTO, S=CALIFORNIA, C=US
6F580327AF1EFDB24AE2429642BF555B6143A4BB1FABC25241D2219B28C540D0,%PROGRAMFILES%\VMWARE\VMWARE TOOLS\VMTOOLSHOOK64.DLL,O=VMWARE, INC., L=PALO ALTO, S=CALIFORNIA, C=US
FCA50890C5D8C9578E0FC7123AEC07A928CBDA987DC9E7AA3CD460F08B4926BC,%SYSTEM32%\WINSTA.DLL,O=MICROSOFT CORPORATION, L=REDMOND, S=WASHINGTON, C=US
8A87F2017A9EE3729ECF2BC2D405E06D145C3617DE3423852EEF688C9A7C36A0,%WINDIR%\WINSXS\AMD64_MICROSOFT.VC90.MFCLOC_1FC8B3B9A1E18E3B_9.0.30729.6161_NONE_01C9581E60CBEE58\MFC90ENU.DLL,O=MICROSOFT CORPORATION, L=REDMOND, S=WASHINGTON, C=US
B21862FE7CD011E7EFDB9673972A44B6BCAB7B9EEEF3C6E0F8E4DB890EAE07AA,%SYSTEM32%\MSIMG32.DLL,O=MICROSOFT CORPORATION, L=REDMOND, S=WASHINGTON, C=US
6E0B668ACEA25B7A2D6714DA3D7710DD553C5B149A97349B0962E9A75C6FE44E,%WINDIR%\WINSXS\AMD64_MICROSOFT.VC90.MFC_1FC8B3B9A1E18E3B_9.0.30729.6161_NONE_044AAD0BAB1EB146\MFC90U.DLL,O=MICROSOFT CORPORATION, L=REDMOND, S=WASHINGTON, C=US
03CD823F9C5474509169D089BB8177C97CB420A5B357FBA82C83153729F76C14,%PROGRAMFILES%\VMWARE\VMWARE TOOLS\PLUGINS\VMUSR\VMTRAY.DLL,O=VMWARE, INC., L=PALO ALTO, S=CALIFORNIA, C=US
410C30D158859DFD8919472D6FF9B442B81250FDE36F0A244ED8FDE0F423762F,%PROGRAMFILES%\VMWARE\VMWARE TOOLS\GLIBMM-2.4.DLL,O=VMWARE, INC., L=PALO ALTO, S=CALIFORNIA, C=US
CF6745C6D95C88314CC100535AEF8B0543A5380F49FFE797D99D3D7E628289A9,%PROGRAMFILES%\VMWARE\VMWARE TOOLS\PLUGINS\VMUSR\UNITY.DLL,O=VMWARE, INC., L=PALO ALTO, S=CALIFORNIA, C=US
CCD722D5B3DA98836A31A0E1A250C69E35C702271B9EADA4E14955A19ED1750F,%PROGRAMFILES%\VMWARE\VMWARE TOOLS\SIGC-2.0.DLL,
ABF8C3B09362F3EDD1920DC70BB14756AE5F090BDE0F56EE8A0219B3C2711B1D,%PROGRAMFILES%\VMWARE\VMWARE TOOLS\PLUGINS\VMUSR\DNDCP.DLL,O=VMWARE, INC., L=PALO ALTO, S=CALIFORNIA, C=US
DB8DA537C8CAA63BF02B22F6EBF30660937A525501FEF1B5F4B51222D4EC1968,%WINDIR%\WINSXS\AMD64_MICROSOFT.VC90.CRT_1FC8B3B9A1E18E3B_9.0.30729.8387_NONE_08E793BFA83A89B5\MSVCP90.DLL,O=MICROSOFT CORPORATION, L=REDMOND, S=WASHINGTON, C=US
AEC768874C5339037D953FE7A8090BC12CED15C551749E75BE4F3FD9996B964D,%SYSTEM32%\WTSAPI32.DLL,O=MICROSOFT CORPORATION, L=REDMOND, S=WASHINGTON, C=US
E9DD5A85A0C699CF237CDD3CB03A8F387268F454AF69E48E2FB00AB9F877F6F5,%PROGRAMFILES%\VMWARE\VMWARE TOOLS\PLUGINS\VMUSR\DESKTOPEVENTS.DLL,O=VMWARE, INC., L=PALO ALTO, S=CALIFORNIA, C=US
964369BACD6D88325DED94E0CB20C71742B1A7F4FABDD0971FF6E69387CCF44D,%PROGRAMFILES%\VMWARE\VMWARE TOOLS\PLUGINS\COMMON\VIX.DLL,O=VMWARE, INC., L=PALO ALTO, S=CALIFORNIA, C=US
E5A457A71CF9C75DD721E160BA1086DE3062F4E8C12F70CC5E30B9DDB6BE3363,%PROGRAMFILES%\VMWARE\VMWARE TOOLS\PLUGINS\COMMON\THINPRINT.DLL,O=VMWARE, INC., L=PALO ALTO, S=CALIFORNIA, C=US
8BB8185C38949FEACADF9E2F4A3BFED1850245BCA7DE2F96BDFA7D76957840FD,%PROGRAMFILES%\VMWARE\VMWARE TOOLS\PLUGINS\COMMON\HGFSUSABILITY.DLL,O=VMWARE, INC., L=PALO ALTO, S=CALIFORNIA, C=US
3E528872CAD11E3039AF40B155AEFF3C559C7069EA0EA9CDDE449783EE83A237,%PROGRAMFILES%\VMWARE\VMWARE TOOLS\HGFS.DLL,O=VMWARE, INC., L=PALO ALTO, S=CALIFORNIA, C=US
FA8947F6C11790B4ADCEE3DB3EA9712A0EBC1D09AA21D96076A43AF5A967FC86,%PROGRAMFILES%\VMWARE\VMWARE TOOLS\PLUGINS\COMMON\HGFSSERVER.DLL,O=VMWARE, INC., L=PALO ALTO, S=CALIFORNIA, C=US
F12BDB299A6F959B65AEB78AEB7026B9D82B9AB5C4469EE1F121B90529A273DF,%SYSTEM32%\WINNSI.DLL,O=MICROSOFT CORPORATION, L=REDMOND, S=WASHINGTON, C=US
13438B48679AF275E79A7F4C9605DE7E3EAD1B8727FE822BEBEB6E630CF94E4A,%SYSTEM32%\IPHLPAPI.DLL,O=MICROSOFT CORPORATION, L=REDMOND, S=WASHINGTON, C=US
892630AEA3451F702A8B0B0E7B0E508DCEF7F232174B40EFD09E7B9463320422,%SYSTEM32%\ICMP.DLL,O=MICROSOFT CORPORATION, L=REDMOND, S=WASHINGTON, C=US
66C0F3D2E4FA93B8AE7C6E027FBA9B13C7EA1A5C3AF31B5752A111DF5078BD52,%PROGRAMFILES%\VMWARE\VMWARE TOOLS\ICONV.DLL,O=VMWARE, INC., L=PALO ALTO, S=CALIFORNIA, C=US
CBE8F61BE8688C7268E64DCC0A8EEFD040A865CC2D832BA7FE12E31BA7724C22,%PROGRAMFILES%\VMWARE\VMWARE TOOLS\VMTOOLS.DLL,O=VMWARE, INC., L=PALO ALTO, S=CALIFORNIA, C=US
486A41F5930482227C5281EFF93B8C372D47A0D3798F5358F75F2A01225C1793,%PROGRAMFILES%\VMWARE\VMWARE TOOLS\GTHREAD-2.0.DLL,O=VMWARE, INC., L=PALO ALTO, S=CALIFORNIA, C=US
C32FFB38316BDCFC80B1A6C5CC16C6B23A88FD16636881C26BD1AE8C903BBDDF,%PROGRAMFILES%\VMWARE\VMWARE TOOLS\GOBJECT-2.0.DLL,O=VMWARE, INC., L=PALO ALTO, S=CALIFORNIA, C=US
824E48C4AE87AD6DCD9D715D76A97071E46AECF28A750A8F537D90E2C69979A3,%PROGRAMFILES%\VMWARE\VMWARE TOOLS\GMODULE-2.0.DLL,O=VMWARE, INC., L=PALO ALTO, S=CALIFORNIA, C=US
BD88EEAA781F0B1D4737CD5F70B9AEDBC8465F2FD7E5DD7D4A9ED736C308EDD8,%PROGRAMFILES%\VMWARE\VMWARE TOOLS\GLIB-2.0.DLL,O=VMWARE, INC., L=PALO ALTO, S=CALIFORNIA, C=US
102B73E2ABBE8957A84EDC221544C5DC69E5675718BFF7952E28E77C450B546F,%PROGRAMFILES%\VMWARE\VMWARE TOOLS\INTL.DLL,O=VMWARE, INC., L=PALO ALTO, S=CALIFORNIA, C=US
315555CF72CEAFD54A0971E3F696357B9025864472915FE03CBEC65F68F465B8,%PROGRAMFILES%\VMWARE\VMWARE TOOLS\VMTOOLSD.EXE,O=VMWARE, INC., L=PALO ALTO, S=CALIFORNIA, C=US
5AC117A954982234E17EF3A9EB9D6942C0C41B2A86A082A4EFB3A95BB25D6AD0,%SYSTEM32%\DEVOBJ.DLL,O=MICROSOFT CORPORATION, L=REDMOND, S=WASHINGTON, C=US
27191CD3D799BD37DC51D8B8047AAA3A95721A4951EDB55E57501704153A5B40,%SYSTEM32%\WINMMBASE.DLL,O=MICROSOFT CORPORATION, L=REDMOND, S=WASHINGTON, C=US
3EE3B77F9CDB35A94F23E5E73B26F430AE6AE757F03781C53E7319995DA7A1A0,%SYSTEM32%\WINMM.DLL,O=MICROSOFT CORPORATION, L=REDMOND, S=WASHINGTON, C=US
A7BB36A9B073203634A5F2C07584478BB4B1497090B55617B4A6A6BAE318DBFC,%SYSTEM32%\MSWSOCK.DLL,O=MICROSOFT CORPORATION, L=REDMOND, S=WASHINGTON, C=US
89F1818A4F56788C6FBB467AF0259BF8503A3CA8EB90FCEAC8DA2A556B5F697C,%SYSTEM32%\WBEM\FASTPROX.DLL,O=MICROSOFT CORPORATION, L=REDMOND, S=WASHINGTON, C=US
D73681D13268FEA15585D3D4D112410F6668DED00343C0D66BDD1882B326F741,%SYSTEM32%\WBEM\WBEMSVC.DLL,O=MICROSOFT CORPORATION, L=REDMOND, S=WASHINGTON, C=US
ACFE40743BC21C5D11AFDDA51D34F339F053AF8B4B8821E5135F086C9E56EF61,%SYSTEM32%\WBEMCOMN.DLL,O=MICROSOFT CORPORATION, L=REDMOND, S=WASHINGTON, C=US
82701991369BE7F4300B4123B846ACF48472BF2083F8A26D5213B33761F62BCD,%SYSTEM32%\WBEM\WBEMPROX.DLL,O=MICROSOFT CORPORATION, L=REDMOND, S=WASHINGTON, C=US
2A6F394B4BE6BA1236B421589D69C4B0ABB4445B47F441461FCC4614E168C9A1,%SYSTEM32%\DPAPI.DLL,O=MICROSOFT CORPORATION, L=REDMOND, S=WASHINGTON, C=US
366056B3FE0F25C4A94267DD0E59E5C8075BE29453296F4984902291D278495C,%SYSTEM32%\WMIDCOM.DLL,O=MICROSOFT CORPORATION, L=REDMOND, S=WASHINGTON, C=US
505D7E7004078A0385EEA4EC0F922051390F795F8F6EC13B5391802A069E56DF,%SYSTEM32%\MIUTILS.DLL,O=MICROSOFT CORPORATION, L=REDMOND, S=WASHINGTON, C=US
5B7EE656B8C42AE1DD96D88074C7AAF05AA275F2F410865D40A2A114646A96BD,%SYSTEM32%\MI.DLL,O=MICROSOFT CORPORATION, L=REDMOND, S=WASHINGTON, C=US
EB58B51903570D662E25E906F22B496D839BCB65883EFA4C272355E087134C37,%SYSTEM32%\MICROSOFT.MANAGEMENT.INFRASTRUCTURE.NATIVE.UNMANAGED.DLL,O=MICROSOFT CORPORATION, L=REDMOND, S=WASHINGTON, C=US
FC3698C2E81165E58E84FAAC7E063A65A51FC8A401072274637D49BC4D4343F2,%WINDIR%\ASSEMBLY\NATIVEIMAGES_V4.0.30319_64\MICROSOFT.M870D558A#\C57D89DABC473A5F01E0ABDD81712F65\MICROSOFT.MANAGEMENT.INFRASTRUCTURE.NATIVE.NI.DLL,
B81662312FE356E63BF5C507FAD8FF56E547B1BCF1FECFF9D9CA9C07D57913F5,%WINDIR%\ASSEMBLY\NATIVEIMAGES_V4.0.30319_64\MICROSOFT.MF49F6405#\4495FF5D50B4CFA63AFE97D38C67F3E0\MICROSOFT.MANAGEMENT.INFRASTRUCTURE.NI.DLL,
74DDE5D0F44ECE8000CE4F79D4FC15E17D75A1077D2A75A020F5A9B9E5955B1D,%WINDIR%\ASSEMBLY\NATIVEIMAGES_V4.0.30319_64\SYSTEM.MANAA57FC8CC#\0DF021CF04E7D0387F6776BC616FCF83\SYSTEM.MANAGEMENT.AUTOMATION.NI.DLL,
C94FBA1D465F5EB25A6BA6085A4F63C479FB0764B0AB2DF7132B6891CB2FE6BC,%SYSTEM32%\MRMCORER.DLL,O=MICROSOFT CORPORATION, L=REDMOND, S=WASHINGTON, C=US
6EB2BB175FF99A1AF984A5F441EA15967A930966420B23F618588E350BD351D3,%SYSTEM32%\WINDOWSCODECSEXT.DLL,O=MICROSOFT CORPORATION, L=REDMOND, S=WASHINGTON, C=US
7B55DFD21604A6D6CDE2902736ECE7131BD6971488F176823D9B4BDFB4560140,%SYSTEM32%\MSI.DLL,O=MICROSOFT CORPORATION, L=REDMOND, S=WASHINGTON, C=US
C883A6348F2B921694FCF9AD92600FDDD6F83CB60A2ED2F517FDA918ACC61395,%SYSTEM32%\MSILTCFG.DLL,O=MICROSOFT CORPORATION, L=REDMOND, S=WASHINGTON, C=US
7597D5378421C7D7966027B842FE3A831253CCA232E6C1A77751766A272A1B06,%SYSTEM32%\MSCMS.DLL,O=MICROSOFT CORPORATION, L=REDMOND, S=WASHINGTON, C=US
A3852D1DFEE13021DD9F76082B7F480A0D369026B55C3AAD8940055E0F72AEC2,%SYSTEM32%\UIAUTOMATIONCORE.DLL,O=MICROSOFT CORPORATION, L=REDMOND, S=WASHINGTON, C=US
E754B181B28EDF17B0D59656A0FF5A36ACD94DF074EDD7187973A818DA34BD81,%WINDIR%\ASSEMBLY\NATIVEIMAGES_V4.0.30319_64\UIAUTOMATIONTYPES\786385F39CA544E69DF9521BAF0288B9\UIAUTOMATIONTYPES.NI.DLL,
12B54787223B5DA75A0CE8A98C52484B3E5A4D5F4013CFD5EFEDE9CE72A574DC,%SYSTEM32%\MSCTFUI.DLL,O=MICROSOFT CORPORATION, L=REDMOND, S=WASHINGTON, C=US
B0FD280572D4C5AC4E2F6FB675363B1198AFBBD4FAA118663BB25B017DAED12E,%WINDIR%\ASSEMBLY\NATIVEIMAGES_V4.0.30319_64\PRESENTATIO84A6349C#\B5C6C54BA02142B1DBE00A118381633F\PRESENTATIONFRAMEWORK-SYSTEMCORE.NI.DLL,
14BE6080228E38798FE26E69D40B3B2FBA8B84180B842C4E558108B33664F7D0,%WINDIR%\ASSEMBLY\NATIVEIMAGES_V4.0.30319_64\PRESENTATIO49D6FEFE#\660C200D3DDB485D01A3AAF1A81764DB\PRESENTATIONFRAMEWORK-SYSTEMXML.NI.DLL,
74F85ADBA629C2ABF11291D20A89FF4F4C65709F88E6D28DD618A3E0352D4A01,%WINDIR%\ASSEMBLY\NATIVEIMAGES_V4.0.30319_64\PRESENTATIO1C9175F8#\FE422EC5B5EFAC9C90AE2911C14491F3\PRESENTATIONFRAMEWORK.AERO.NI.DLL,
31DBEDDCB2B979B3F0C4DB86A6AE474CFFFF89CAD61A400A5846BBED937321F7,%SYSTEM32%\D3D10WARP.DLL,O=MICROSOFT CORPORATION, L=REDMOND, S=WASHINGTON, C=US
F905E7226FA19DE526F1C16B5F29F7CE0F10F443CAC35480FFC8E1D0D6CC53C4,%SYSTEM32%\D3D9.DLL,O=MICROSOFT CORPORATION, L=REDMOND, S=WASHINGTON, C=US
51B3E0381FCFED0C330C766FD2AF1A1485BFFAD34664A16451FB41ED1EE6618A,%WINDIR%\ASSEMBLY\NATIVEIMAGES_V4.0.30319_64\PRESENTATIO53A7A42C#\150F6B002A383FF0C538AE127650D6CC\PRESENTATIONFRAMEWORK.AEROLITE.NI.DLL,
9BC969E14DC5F79B1B2686093345C8763F3F353A239CCF8D7A650CF4C677B52A,%SYSTEM32%\FLTLIB.DLL,O=MICROSOFT CORPORATION, L=REDMOND, S=WASHINGTON, C=US
4E68AA7E90B3209E9582FAEBC05774C3B7F718B4E1193CCD4D2B21001B23F5DD,%SYSTEM32%\VIRTDISK.DLL,O=MICROSOFT CORPORATION, L=REDMOND, S=WASHINGTON, C=US
13EA79A436F60FF6A0E4927ED31867CD325D70541D9D4FD641A2EB676ACE4617,%WINDIR%\ASSEMBLY\NATIVEIMAGES_V4.0.30319_64\MICROSOFT.MEEFD589E#\41E9AC08EBFC6BDBC01FEB17C2CA540B\MICROSOFT.MANAGEMENT.UI.NI.DLL,
1A984616BEE36D4D197A8DBA32D1E9B26A02DD1AEB31E235600AA6AF08669F9E,%WINDIR%\ASSEMBLY\NATIVEIMAGES_V4.0.30319_64\MICROSOFT.WF493A5FB#\B870EC0FADE5F3EA49DD386F6E1E2C86\MICROSOFT.WINDOWS.SERVERMANAGER.COMMON.NI.DLL,
9506CBD420A6CF32E0989DD16129C6D82E15FA17386B328AD8E5BA89825D724D,%SYSTEM32%\STRUCTUREDQUERY.DLL,O=MICROSOFT CORPORATION, L=REDMOND, S=WASHINGTON, C=US
C251236ADA99D084A5DB0D1616BB54CEAD436AA67E8F606666A197C48BE5B3C4,%SYSTEM32%\NETWORKEXPLORER.DLL,O=MICROSOFT CORPORATION, L=REDMOND, S=WASHINGTON, C=US
E3C325290A787310A2E3C8668194036D0C6108ADAFF8C27CFCF78BB449D99BA8,%SYSTEM32%\NTLANMAN.DLL,O=MICROSOFT CORPORATION, L=REDMOND, S=WASHINGTON, C=US
4BD88562E274096505CF25843FDA0FF25A1AEDDBE6AF6E6AA460CC917C1468A7,%SYSTEM32%\DRPROV.DLL,O=MICROSOFT CORPORATION, L=REDMOND, S=WASHINGTON, C=US
5303BD822B009D37D6CEBFA44E234AE8E29B106916630287C48CB378A2ED0AFC,%SYSTEM32%\VMHGFS.DLL,O=VMWARE, INC., L=PALO ALTO, S=CALIFORNIA, C=US
892A7812DBD03EF5D39164A6D6DBFE252F9F617EF2F9CFC0C9322471A3B22EC1,%SYSTEM32%\UIRIBBONRES.DLL,O=MICROSOFT CORPORATION, L=REDMOND, S=WASHINGTON, C=US
FDEEFB9F5C3B838D4E1A1C6D10CEB794EDB6F2FA246BDBAF927821C6EC79036D,%SYSTEM32%\UIRIBBON.DLL,O=MICROSOFT CORPORATION, L=REDMOND, S=WASHINGTON, C=US
A97A3F2A5A719BB19D2DBD1912E0D77243E257A244D784C92E7CADECF9E24AB3,%WINDIR%\MICROSOFT.NET\FRAMEWORK64\V4.0.30319\WPF\PRESENTATIONNATIVE_V0400.DLL,O=MICROSOFT CORPORATION, L=REDMOND, S=WASHINGTON, C=US
3AB73E93FB977C01083A365782C42EA320EFF1DA342F62B772DC351D6D2AF870,%WINDIR%\MICROSOFT.NET\FRAMEWORK64\V4.0.30319\WPF\WPFGFX_V0400.DLL,O=MICROSOFT CORPORATION, L=REDMOND, S=WASHINGTON, C=US
6C4E4A2A125A178F330C0C8794FAAB9277AEC5769AEA439FCB17F3240B8C1A65,%WINDIR%\ASSEMBLY\NATIVEIMAGES_V4.0.30319_64\SYSTEM.XAML\02275F77A3E56A73832CB71A71109D5A\SYSTEM.XAML.NI.DLL,
A45E6B593EA592004FBB74F5476F987A41E134ECBB7B6920329BD2671AC5FDC1,%WINDIR%\ASSEMBLY\NATIVEIMAGES_V4.0.30319_64\PRESENTATIO5AE0F00F#\AFB26B956178777C0C782633D6ADAF96\PRESENTATIONFRAMEWORK.NI.DLL,
B2DB7D75F340639CC56C55924F25D1A98799214D24D53AB9E3D8AC9FDDFF0F25,%WINDIR%\ASSEMBLY\NATIVEIMAGES_V4.0.30319_64\PRESENTATIONCORE\2F6903BC1A9F022947024DFDE7E1A867\PRESENTATIONCORE.NI.DLL,
743782CAD8B92D95699C4914B5E29513EAF1B091F88C905D1EDFADEEA095F084,%WINDIR%\ASSEMBLY\NATIVEIMAGES_V4.0.30319_64\WINDOWSBASE\F19322732F39A6E6B3604F1DF9E5CDF4\WINDOWSBASE.NI.DLL,
E8BF2CC122706BD80C0D3BC933B4A3373F62E0DB182026A2A37D365F696058A3,%SYSTEM32%\CERTENROLL.DLL,O=MICROSOFT CORPORATION, L=REDMOND, S=WASHINGTON, C=US
2A0F111B848E0827FFA7990370CFEF8323AA4BCB0A553001A371C64A61E9A7B6,%SYSTEM32%\CERTCA.DLL,O=MICROSOFT CORPORATION, L=REDMOND, S=WASHINGTON, C=US
43F166A4AA7C52F872E13BC789442F757A532FE2513A2AA718A3631EF301CA33,%SYSTEM32%\PAUTOENR.DLL,O=MICROSOFT CORPORATION, L=REDMOND, S=WASHINGTON, C=US
66392764B86EA591CB80F473DA25AEF733B9AE0C4FC07077DA1AAE96D417C61D,%SYSTEM32%\NPMPROXY.DLL,O=MICROSOFT CORPORATION, L=REDMOND, S=WASHINGTON, C=US
3FAC82D3B2F1DE647A935DF09757A2D56DFDD68BA0EEA351E39ACC6CB646B761,%SYSTEM32%\CSCAPI.DLL,O=MICROSOFT CORPORATION, L=REDMOND, S=WASHINGTON, C=US
B341A6E1773EF4E3094648442C60A844814C087B899315B1566604DD044772FD,%SYSTEM32%\NTSHRUI.DLL,O=MICROSOFT CORPORATION, L=REDMOND, S=WASHINGTON, C=US
401E1A1571F75B0BF23CDB397835AA54BF4E23CAC1D352F5A4981C10AA27B9B4,%SYSTEM32%\HGCPL.DLL,O=MICROSOFT CORPORATION, L=REDMOND, S=WASHINGTON, C=US
A8E527D7F43FFF64B9723D5D71ABE736EED16AF8DA7BEB753CF010392398FB3B,%SYSTEM32%\NETPROFM.DLL,O=MICROSOFT CORPORATION, L=REDMOND, S=WASHINGTON, C=US
57CA2D8A31906526679E606686347280DCE0592A93A04D0E9BC6B8436C2EC01A,%SYSTEM32%\IMAPI2.DLL,O=MICROSOFT CORPORATION, L=REDMOND, S=WASHINGTON, C=US
E0F6333AB692BBCE39F238F9980C4AA326976A6401809A266CAB1F0F27E94FF4,%SYSTEM32%\ACTIONCENTER.DLL,O=MICROSOFT CORPORATION, L=REDMOND, S=WASHINGTON, C=US
7121DC36C3EC64B1A0B71668F49B4FF73A8C10462CF7EE4B93B7588862B282AE,%SYSTEM32%\DHCPCSVC.DLL,O=MICROSOFT CORPORATION, L=REDMOND, S=WASHINGTON, C=US
224645E4A6F38E322B06BBEF112F9656B8ED1E4B2438C0F1113DCE9E2CB15590,%SYSTEM32%\DHCPCSVC6.DLL,O=MICROSOFT CORPORATION, L=REDMOND, S=WASHINGTON, C=US
9660A3B9613A54BF2F3CD37D97AE994CCC89DF7943264CD50C2E4D8A2304DAB9,%SYSTEM32%\FWPUCLNT.DLL,O=MICROSOFT CORPORATION, L=REDMOND, S=WASHINGTON, C=US
1A220486571AE31272C1D96666AF11A5573DF76F50EB56439F37CCB50087ABEA,%SYSTEM32%\WINHTTP.DLL,O=MICROSOFT CORPORATION, L=REDMOND, S=WASHINGTON, C=US
A335D1D1EB64FBF6B20FD36C80E3A5B590594F816BD6EBACC9439BAC15E4016E,%SYSTEM32%\NCSI.DLL,O=MICROSOFT CORPORATION, L=REDMOND, S=WASHINGTON, C=US
230043BE41C82C26F1A6767E52F57258C297134130A4B7E30F59848F2584FEA4,%SYSTEM32%\NETWORKSTATUS.DLL,O=MICROSOFT CORPORATION, L=REDMOND, S=WASHINGTON, C=US
58D07809C26E9B6890CB62F66EC0E10C5A83B620DF07EA20FEBF618AC7801E72,%SYSTEM32%\PNIDUI.DLL,O=MICROSOFT CORPORATION, L=REDMOND, S=WASHINGTON, C=US
74CFDDA9EC6362F5F90B9F2F8282F820DF900EAB365DC31618BDBDD434042432,%SYSTEM32%\AUTHUI.DLL,O=MICROSOFT CORPORATION, L=REDMOND, S=WASHINGTON, C=US
FB765E0A0DE92F25940CA8B4E25D0723CC8233F62ED4D96B35C13555237F6845,%SYSTEM32%\ALTTAB.DLL,O=MICROSOFT CORPORATION, L=REDMOND, S=WASHINGTON, C=US
253CFFACCCC8F02526056D7A6A389FED8B2087EC52139580FB2751C525B50445,%SYSTEM32%\WINSCARD.DLL,O=MICROSOFT CORPORATION, L=REDMOND, S=WASHINGTON, C=US
A6DBDCAB047EC1B55A89B1B4E2F36FFA8C8D6154317B9FB72732C3E241DF7B99,%SYSTEM32%\CRYPTUI.DLL,O=MICROSOFT CORPORATION, L=REDMOND, S=WASHINGTON, C=US
6314BEAE49963773900EECF46B071611E09633CD3C3CD26809220566ABE2F772,%SYSTEM32%\SLWGA.DLL,O=MICROSOFT CORPORATION, L=REDMOND, S=WASHINGTON, C=US
E3E6D30DFDFC44DE7DDC2F66E15B64A58A7C7E30F062DCD06D0CBFA42AD3DDA2,%SYSTEM32%\SPPCEXT.DLL,O=MICROSOFT CORPORATION, L=REDMOND, S=WASHINGTON, C=US
D2C15FAA0CB6AC25808410863F7707337D09BE8A839EF26622F61152CB2F9EFC,%SYSTEM32%\SPPCOMAPI.DLL,O=MICROSOFT CORPORATION, L=REDMOND, S=WASHINGTON, C=US
09DD4F26C65C15B32F65653F17554EF0FE188904D4C3CE4917BA525A7BA05EBF,%SYSTEM32%\SPPC.DLL,O=MICROSOFT CORPORATION, L=REDMOND, S=WASHINGTON, C=US
F897E7CAF93B8E54C8ACBF4EF314451BAC6204E233AA8B808D7FF366D89A488E,%SYSTEM32%\WINBRAND.DLL,O=MICROSOFT CORPORATION, L=REDMOND, S=WASHINGTON, C=US
6A77963A76E3B63D938F240EB3F9529C43AF36C7A32183D8BA7D52165F009C17,%SYSTEM32%\SLC.DLL,O=MICROSOFT CORPORATION, L=REDMOND, S=WASHINGTON, C=US
606B9647F646ADCE5CE4B8D7958B6ABC65E75CD64B97619F9143A6C8E0AEF997,%SYSTEM32%\WINTYPES.DLL,O=MICROSOFT CORPORATION, L=REDMOND, S=WASHINGTON, C=US
2B8BB632D4CB2138999354F6823D8E7B2795471E6F26851F55E1E4B77AFEB389,%SYSTEM32%\SLUI.EXE,O=MICROSOFT CORPORATION, L=REDMOND, S=WASHINGTON, C=US
44D7CAEC0C5C6CF0FFD141385391C542271CD362DC9DBAD993866588BAC5A8B2,%SYSTEM32%\GPAPI.DLL,O=MICROSOFT CORPORATION, L=REDMOND, S=WASHINGTON, C=US
3DBF82E9C5477E13A147604523E62205167AD5D120FFC88C09C1E63098BB1782,%SYSTEM32%\SERVERMANAGER.EXE,O=MICROSOFT CORPORATION, L=REDMOND, S=WASHINGTON, C=US
784D5CC8594AB3D58ACAC4CDA613A26BC0ECD9D501AE04A5596D3D222C5265AA,%SYSTEM32%\CONHOST.EXE,O=MICROSOFT CORPORATION, L=REDMOND, S=WASHINGTON, C=US
0E20C4F972DBB2F34AD7176F60C7754CA64FFA80930F7A34E2BFC145883E028E,%SYSTEM32%\SHUTDOWN.EXE,O=MICROSOFT CORPORATION, L=REDMOND, S=WASHINGTON, C=US
597F315B920E8B5F0C5F878A3A5E0A0CAE27681B8BDF130755175D789E8BF000,%SYSTEM32%\SYNCREG.DLL,O=MICROSOFT CORPORATION, L=REDMOND, S=WASHINGTON, C=US
7C818B2BC34290F5581D4658351E816393CF9D0F9789D86A28B5577A629DDDE9,%SYSTEM32%\SHDOCVW.DLL,O=MICROSOFT CORPORATION, L=REDMOND, S=WASHINGTON, C=US
7DDAB7228C9FB405A58EDCFE97EF43AB7F694DA80DE042501B296DD189044D1F,%SYSTEM32%\DXP.DLL,O=MICROSOFT CORPORATION, L=REDMOND, S=WASHINGTON, C=US
E962FBA5C70F9C85E92F86301F454F92E63AFC1E21A7E7DBCB9F042404AE9D6B,%SYSTEM32%\CFGMGR32.DLL,O=MICROSOFT CORPORATION, L=REDMOND, S=WASHINGTON, C=US
60BBBF5B0456CC49A9954866DAD4EC7D25D64153441CF8029122965EB07E5130,%SYSTEM32%\WINSPOOL.DRV,O=MICROSOFT CORPORATION, L=REDMOND, S=WASHINGTON, C=US
4D55A0FD0A492B4E049E097532F90E386A38505AB94552100CB1BE667CB1B21F,%SYSTEM32%\PRNFLDR.DLL,O=MICROSOFT CORPORATION, L=REDMOND, S=WASHINGTON, C=US
1B53562FC1C3B41667B2DC51363AFF5F6B770019F3A2552986D641C6173EF73F,%SYSTEM32%\ES.DLL,O=MICROSOFT CORPORATION, L=REDMOND, S=WASHINGTON, C=US
F0DE024B3A59FCB0296211E47C8B29738CFAC598139E57662CBFF748E92371CD,%SYSTEM32%\BATMETER.DLL,O=MICROSOFT CORPORATION, L=REDMOND, S=WASHINGTON, C=US
6E07FC10E740D1AF8AF6B239AE8C10CC20AE60657BF472BDBE672EB624D278F7,%SYSTEM32%\STOBJECT.DLL,O=MICROSOFT CORPORATION, L=REDMOND, S=WASHINGTON, C=US
77E319BAD2CA4F18449C8FF79A0782A5A31DD3F1D61EB974DBA54D57C5073853,%SYSTEM32%\NINPUT.DLL,O=MICROSOFT CORPORATION, L=REDMOND, S=WASHINGTON, C=US
FA71B2801F6CE2FAAA9B7D56EF4A9FEF19B2A71C2E491292523A1CEC1A4A4F8C,%SYSTEM32%\GLOBINPUTHOST.DLL,O=MICROSOFT CORPORATION, L=REDMOND, S=WASHINGTON, C=US
7AFF1C51B974D381D68FA787774B704C28ABE1E9D44CAC5633B3D196F6B33135,%SYSTEM32%\WINDOWS.GLOBALIZATION.DLL,O=MICROSOFT CORPORATION, L=REDMOND, S=WASHINGTON, C=US
CC0A5BB5026CBE0E37391334D6CE6229C915A9B1D7845A62ADA0E543506B8EA6,%SYSTEM32%\MSFTEDIT.DLL,O=MICROSOFT CORPORATION, L=REDMOND, S=WASHINGTON, C=US
DACC5077EB50FA1D3B32250036E6BB943778575AFF9BC74730D66E97EB9DEB0F,%SYSTEM32%\WINDOWS.NETWORKING.CONNECTIVITY.DLL,O=MICROSOFT CORPORATION, L=REDMOND, S=WASHINGTON, C=US
2E2FD4D408C7163653A258C8AE98EA1ECFDFEFB850CC172F1ED6F7BD2A031A2F,%SYSTEM32%\INPUTSWITCH.DLL,O=MICROSOFT CORPORATION, L=REDMOND, S=WASHINGTON, C=US
A9E5A57532E1BB4FC0C3A03FD5179F94A0AAF41F981FE1FA1AF859A7A2484213,%SYSTEM32%\THUMBCACHE.DLL,O=MICROSOFT CORPORATION, L=REDMOND, S=WASHINGTON, C=US
ACFD6675DBB635BECED6568227EE4529405938432955DC5CA7A3C26C57E975F4,%SYSTEM32%\UIANIMATION.DLL,O=MICROSOFT CORPORATION, L=REDMOND, S=WASHINGTON, C=US
71B3E981CC09855058835F775BCB80DEF860FA3AED13A2F362DF92A8FF33DDF3,%SYSTEM32%\WPNCORE.DLL,O=MICROSOFT CORPORATION, L=REDMOND, S=WASHINGTON, C=US
D7EB1C6200F9FF945D4B115EA1173B29305286D909FEB3EB15FD3CFB1D7BDF48,%SYSTEM32%\TWINUI.APPCORE.DLL,O=MICROSOFT CORPORATION, L=REDMOND, S=WASHINGTON, C=US
ABE41F11C80C5B6A4E9410CE6080E51F8DC12EB05207F5DCB6C4DE61E6477557,%SYSTEM32%\WLDP.DLL,O=MICROSOFT CORPORATION, L=REDMOND, S=WASHINGTON, C=US
5816FC87B8714E1337FE006A6E8FB3B2E8C66B497AB4FCB284AC27DC6260039F,%SYSTEM32%\PHOTOMETADATAHANDLER.DLL,O=MICROSOFT CORPORATION, L=REDMOND, S=WASHINGTON, C=US
CE0F74162E0C47D3B2A3AF50332E8F3BA505660EFF5C452841E8B8E570DE7AE8,%SYSTEM32%\DIMSJOB.DLL,O=MICROSOFT CORPORATION, L=REDMOND, S=WASHINGTON, C=US
0D0F165F47B4802059A7C48B8692276100B97B8063D101680E49D59741D7A9B2,%SYSTEM32%\WINDOWS.IMMERSIVESHELL.SERVICEPROVIDER.DLL,O=MICROSOFT CORPORATION, L=REDMOND, S=WASHINGTON, C=US
BD9823FA1F42918DF343AC82B584BD1431BE4CA4C0B499E88E50BDE05A37A290,%SYSTEM32%\EXPLORERFRAME.DLL,O=MICROSOFT CORPORATION, L=REDMOND, S=WASHINGTON, C=US
AF6B53E8E927B7E110190C995F006994B8235AB6F963251A0714F98B1879B541,%SYSTEM32%\ACTXPRXY.DLL,O=MICROSOFT CORPORATION, L=REDMOND, S=WASHINGTON, C=US
87A1D9E37E66619450126ED28220918B489AC6E0FCD79619186C30742BEB0A5D,%SYSTEM32%\NTMARTA.DLL,O=MICROSOFT CORPORATION, L=REDMOND, S=WASHINGTON, C=US
054D09703C1AE0A58950CDD6A40F54427BCDC5C3B5C65E45D481F924F6C4AFE3,%SYSTEM32%\WINDOWS.UI.IMMERSIVE.DLL,O=MICROSOFT CORPORATION, L=REDMOND, S=WASHINGTON, C=US
8F28F704A9B698B18F5207117B4AB6E55F8D6E43412ADB8FCEC84D0E75453658,%SYSTEM32%\TWINAPI.APPCORE.DLL,O=MICROSOFT CORPORATION, L=REDMOND, S=WASHINGTON, C=US
CA6C06069A426922A6684DB45B914ABCD735B91519FD2DEF9A558CDCFBA9A5B4,%SYSTEM32%\TWINUI.DLL,O=MICROSOFT CORPORATION, L=REDMOND, S=WASHINGTON, C=US
D9ACD0DB51F4284F4D2326F5C07C4444DBA5C4B6A4678B37CEA6883FFC061DE1,%SYSTEM32%\MMDEVAPI.DLL,O=MICROSOFT CORPORATION, L=REDMOND, S=WASHINGTON, C=US
E20575A1A64168024D0163F0EA984862AD3D9FB1FB9460C8266C84AB7F0C37AE,%SYSTEM32%\HID.DLL,O=MICROSOFT CORPORATION, L=REDMOND, S=WASHINGTON, C=US
75A2A9840AE4332B9D21D9E201E39C3A98F74DFC777F0B502081F0D82810EF3C,%SYSTEM32%\SNDVOLSSO.DLL,O=MICROSOFT CORPORATION, L=REDMOND, S=WASHINGTON, C=US
864B06E8D5A12A87246BC81F55F3DB79270F33118293B41ECD178B4A1923663A,%SYSTEM32%\BCP47LANGS.DLL,O=MICROSOFT CORPORATION, L=REDMOND, S=WASHINGTON, C=US
2AE0970EFE5FE663BE88E4556784F55AFA9F3624F73AC37063E1A01BE54642D5,%SYSTEM32%\DXGI.DLL,O=MICROSOFT CORPORATION, L=REDMOND, S=WASHINGTON, C=US
F2C9E86478B0926102561A77B56F98AECEEA082C917D44602EFFCEE1A3DF6970,%SYSTEM32%\DCOMP.DLL,O=MICROSOFT CORPORATION, L=REDMOND, S=WASHINGTON, C=US
F27FDC00A47F98C4B0DA5B9BC93E7CA713B7D2FD8E053ECA06247111478A8DF6,%SYSTEM32%\ESENT.DLL,O=MICROSOFT CORPORATION, L=REDMOND, S=WASHINGTON, C=US
9BAEBDC4BD5732B7DAA2C330671E7A128F62CFB62B5E7FD79566DF47D1B365FA,%SYSTEM32%\D3D11.DLL,O=MICROSOFT CORPORATION, L=REDMOND, S=WASHINGTON, C=US
E8C9A1EAD9DC665EE12B6B0E60248C9AABD4FD1477AA8BB23BC50B0E7CE4239C,%SYSTEM32%\OLE32.DLL,O=MICROSOFT CORPORATION, L=REDMOND, S=WASHINGTON, C=US
0B315793378EFF0BCB7AAAFC79200920E940F7E8595CE560489296294388F365,%SYSTEM32%\TWINAPI.DLL,O=MICROSOFT CORPORATION, L=REDMOND, S=WASHINGTON, C=US
7D57D19F16290095A38961CA34F7DBFA23690742ACA4FDEE0C217A3EB696E3C0,%WINDIR%\EXPLORER.EXE,O=MICROSOFT CORPORATION, L=REDMOND, S=WASHINGTON, C=US
B6D1B92D3A8D5E090767C2DD837715A9E1F6F5D87A0A2FD833A7D3E346351D7B,%SYSTEM32%\MSUTB.DLL,O=MICROSOFT CORPORATION, L=REDMOND, S=WASHINGTON, C=US
BFA9269308BAD91378F94EC441AD9DDE903B732714F1037A2C5C85477CDAEC64,%SYSTEM32%\MSCTFMONITOR.DLL,O=MICROSOFT CORPORATION, L=REDMOND, S=WASHINGTON, C=US
76C8B9829C0622EC8351A1A0F73581AC11F13E4822BB0A12A1770CE0B6778020,%SYSTEM32%\USERINITEXT.DLL,O=MICROSOFT CORPORATION, L=REDMOND, S=WASHINGTON, C=US
1A26B46316F98DCE1520DB1D66255378BC2EC0CD25BFACB40ED5F5CCA8D02CAD,%SYSTEM32%\SERVERMANAGERLAUNCHER.EXE,O=MICROSOFT CORPORATION, L=REDMOND, S=WASHINGTON, C=US
93A622FFADE391632F2AFCB38F9B4A6DE936A95EBE225D0BBD7B3ECC61298FBD,%SYSTEM32%\USERINIT.EXE,O=MICROSOFT CORPORATION, L=REDMOND, S=WASHINGTON, C=US
97CB615F7D505A51AF8C61D7A76880325281C7DCBBF89FBD9DEA0820D3CB3945,%SYSTEM32%\SAMLIB.DLL,O=MICROSOFT CORPORATION, L=REDMOND, S=WASHINGTON, C=US
7AF9292FFC86EDB4B6AF862B5766150E16A2DE5A29DE87418E816FF13AF1FAE7,%SYSTEM32%\SAMCLI.DLL,O=MICROSOFT CORPORATION, L=REDMOND, S=WASHINGTON, C=US
D7CB79BB99D2CCCCEB9EA818014F04E409B82B4BA06C53ABAB33906CA1C62315,%SYSTEM32%\MSVCP60.DLL,O=MICROSOFT CORPORATION, L=REDMOND, S=WASHINGTON, C=US
7283CEA9BB99C256AD79E3CB854A86AE5AFB4213BFDDBDB24FC013CAAEC26B53,%SYSTEM32%\FRAMEDYN.DLL,O=MICROSOFT CORPORATION, L=REDMOND, S=WASHINGTON, C=US
6E4805BBAD853817EF5EA9D6E9F4CC068457D06853D75721E0A00B0F8FBCD590,%SYSTEM32%\DNSAPI.DLL,O=MICROSOFT CORPORATION, L=REDMOND, S=WASHINGTON, C=US
C64FFF7B24744648E87CFC8DDFC9753161A169143D8174DD6709E4D4F5ED4175,%SYSTEM32%\TPSVC.DLL,O=CORTADO AG, L=BERLIN, S=BERLIN, C=DE
F4F0996B1929B1116EB08265131F2D1856CB857BCE05A94FA227604DC4E127B1,%PROGRAMFILES%\VMWARE\VMWARE TOOLS\TPAUTOCONNECT.EXE,O=CORTADO AG, L=BERLIN, S=BERLIN, C=DE
739A810C0AC6F6FB2F3661A0EC8B17AEB8EFAD6E8A5AA8DF51E8D79A7A4B6DD0,%SYSTEM32%\TASKHOSTEX.EXE,O=MICROSOFT CORPORATION, L=REDMOND, S=WASHINGTON, C=US
53DBE00319146B2F6FD2D2F41349AA0B360108034BEFED3B7683281900F8AB9C,%SYSTEM32%\NCAAPI.DLL,O=MICROSOFT CORPORATION, L=REDMOND, S=WASHINGTON, C=US
93DBDFA69558D0390AE4D26E48708A487FB22BFA30AE2B90D2655D6622718311,%SYSTEM32%\VAN.DLL,O=MICROSOFT CORPORATION, L=REDMOND, S=WASHINGTON, C=US
05328044DF2DBE5E5BD715732C5BE3182181B6763F525924270D92FEEA8E5CD9,%SYSTEM32%\MSXML3.DLL,O=MICROSOFT CORPORATION, L=REDMOND, S=WASHINGTON, C=US
EFDA3D576B6FDF451FEBFD2325540A723495424EBA354ACFE5B19721878DC22C,%SYSTEM32%\CRYPTDLL.DLL,O=MICROSOFT CORPORATION, L=REDMOND, S=WASHINGTON, C=US
7328E3214F8D15DEC0D5E1EFAF959CECCD0B55F31766156A8D2FCA7031353187,%SYSTEM32%\MSV1_0.DLL,O=MICROSOFT CORPORATION, L=REDMOND, S=WASHINGTON, C=US
E047432A89AAB0444361D5D72672AC20C2AAD3BE5E4CC77E9353DB4217D22033,%SYSTEM32%\RASADHLP.DLL,O=MICROSOFT CORPORATION, L=REDMOND, S=WASHINGTON, C=US
108E61C0AD206820C9AEB39DDBFA1AA27FB62E01E56FA748FA5A7729EBFDE485,%SYSTEM32%\ADSLDP.DLL,O=MICROSOFT CORPORATION, L=REDMOND, S=WASHINGTON, C=US
0F512EEAFA0F826545BBBBE8D9982F20F9DC0DFEEB370E0BF1D73602C4CCC553,%SYSTEM32%\CREDUI.DLL,O=MICROSOFT CORPORATION, L=REDMOND, S=WASHINGTON, C=US
88AFE4A614502F4532BDB73C702B5852FAECF2D1BAC4E3378597EAD4E0EAA098,%SYSTEM32%\DSPARSE.DLL,O=MICROSOFT CORPORATION, L=REDMOND, S=WASHINGTON, C=US
F940BE8F3323931483BBF63DE48FF1237957280870C35FC67B41F8A25A539075,%SYSTEM32%\ADPROP.DLL,O=MICROSOFT CORPORATION, L=REDMOND, S=WASHINGTON, C=US
389D82E6DBC39B9E292EE46AA3134BE70F5AFA4CAD5492EB9487D057F24B4197,%SYSTEM32%\DSADMIN.DLL,O=MICROSOFT CORPORATION, L=REDMOND, S=WASHINGTON, C=US
2E0644E878BBA8E6CEA93C121159B4E5FA6301C900AF9BB0597E028B0E1F4062,%SYSTEM32%\BROWCLI.DLL,O=MICROSOFT CORPORATION, L=REDMOND, S=WASHINGTON, C=US
CCDCE3B09EB4A571D132136FAFFD62E73E4F1E3E668B1F55B622BD33A874B6AF,%SYSTEM32%\EAPPCFG.DLL,O=MICROSOFT CORPORATION, L=REDMOND, S=WASHINGTON, C=US
9A656B5ABEC3256676527EF459A7976234A0A60A82A04094C0F72DA8BC80812B,%SYSTEM32%\FIREWALLAPI.DLL,O=MICROSOFT CORPORATION, L=REDMOND, S=WASHINGTON, C=US
8D5D3F786A31EF690EC92D71DC25146758E8EE57BB1B4CBB172BEAB0692EA1B9,%SYSTEM32%\MPRAPI.DLL,O=MICROSOFT CORPORATION, L=REDMOND, S=WASHINGTON, C=US
6946D3972485A34DC613A7D4413CAF7D11B82FA4E0528597E373B7EE3BF23973,%SYSTEM32%\DSUIEXT.DLL,O=MICROSOFT CORPORATION, L=REDMOND, S=WASHINGTON, C=US
4AAFB868AA4B4DDD599CCCF89BBF1849A625F846A0626409BDE7F9689D01D987,%SYSTEM32%\RTUTILS.DLL,O=MICROSOFT CORPORATION, L=REDMOND, S=WASHINGTON, C=US
21240CFFC87CEAF46ED106692AA30314265E066A80C74870A5CC0BD6851DDD6A,%SYSTEM32%\RTRFILTR.DLL,O=MICROSOFT CORPORATION, L=REDMOND, S=WASHINGTON, C=US
C1B05BBF6D43090EA13F34BA649518A74A7E1A3CE6173A17B0FCF9EFF92772C9,%SYSTEM32%\RASMAN.DLL,O=MICROSOFT CORPORATION, L=REDMOND, S=WASHINGTON, C=US
A9045E0213519D972F1879ABEC60AA41DD11EC8474A88024C2E0C77F1E943D10,%SYSTEM32%\MPRSNAP.DLL,O=MICROSOFT CORPORATION, L=REDMOND, S=WASHINGTON, C=US
13D75EF982810CA07C57353BAE2C52CED3DDE032451BDC868DDE3D877FBDEEC3,%SYSTEM32%\DSPROP.DLL,O=MICROSOFT CORPORATION, L=REDMOND, S=WASHINGTON, C=US
3859ADE3F3F1BF37A1B45D603ADCFD76AC6B5CDFAF2AB6155CBB06352D535E69,%SYSTEM32%\RASUSER.DLL,O=MICROSOFT CORPORATION, L=REDMOND, S=WASHINGTON, C=US
589C4CBA065A9AF83F8E1130DEF5D2256B38E9F8F1D06F243A054E7863A72E38,%SYSTEM32%\ATL.DLL,O=MICROSOFT CORPORATION, L=REDMOND, S=WASHINGTON, C=US
89B1F5072E03B1CE8AE6F03428DD1DA1C2CD544A04D2C1916C4CEB86CDC635F6,%SYSTEM32%\TSUSEREX.DLL,O=MICROSOFT CORPORATION, L=REDMOND, S=WASHINGTON, C=US
8EC7095DB4A8E8102DF46EB1DC8125CF974DD9A96C3D9886CE3D6513C3BC3BB5,%SYSTEM32%\WINDOWS.WEB.DLL,O=MICROSOFT CORPORATION, L=REDMOND, S=WASHINGTON, C=US
7DF010D55E60B77BB75E06EEEF5E4ECD2D419E5584FB35CD51378152F4DF7D12,%SYSTEM32%\ELSTRANS.DLL,O=MICROSOFT CORPORATION, L=REDMOND, S=WASHINGTON, C=US
4631BC0C6930F8D61F616C41DF21DDE408ABEFDD184CEF8A61D2148F4AFB5712,%SYSTEM32%\NLSDATA0000.DLL,O=MICROSOFT CORPORATION, L=REDMOND, S=WASHINGTON, C=US
F678C3DD41789F5CC21A775BD721A01D2514813A9B6FC13527061B2B383EE064,%SYSTEM32%\NATURALLANGUAGE6.DLL,O=MICROSOFT CORPORATION, L=REDMOND, S=WASHINGTON, C=US
781D60A7CF64AE17F9899EA8D5A38B56F0083FA86B19AE4587D91536D2400FED,%SYSTEM32%\ONDEMANDCONNROUTEHELPER.DLL,O=MICROSOFT CORPORATION, L=REDMOND, S=WASHINGTON, C=US
DD82B8898B0C7E88201AABB9E6E62C8743C82517886D80CBBF139285055EC8B9,%SYSTEM32%\MSWB7.DLL,O=MICROSOFT CORPORATION, L=REDMOND, S=WASHINGTON, C=US
342B5F72F5CFC385F3D6C9B83FFB4F8CF1E60CC89EC226A515D7AAD3234803E2,%SYSTEM32%\ELSLAD.DLL,O=MICROSOFT CORPORATION, L=REDMOND, S=WASHINGTON, C=US
EFB2A831212A872C79790C45BC2EF36FB8DB5A09F72CEB3B92686DAC567A0E20,%SYSTEM32%\THREADPOOLWINRT.DLL,O=MICROSOFT CORPORATION, L=REDMOND, S=WASHINGTON, C=US
CF6620190CAD61324E42ABC5B6307AA640DF10EB751412BF51C302F37917C532,%SYSTEM32%\WINDOWS.GLOBALIZATION.FONTGROUPS.DLL,O=MICROSOFT CORPORATION, L=REDMOND, S=WASHINGTON, C=US
837007D83B636DD64D7BE7A68AB6AA4E6B6FE6CCCC453A90AAD928F48B08BE3E,%SYSTEM32%\D2D1.DLL,O=MICROSOFT CORPORATION, L=REDMOND, S=WASHINGTON, C=US
C3D95D1313DD99623BF5EDA8FC8AE4C9583C79BC90E09889BE2B50831B17DE0C,%SYSTEM32%\SEARCHFOLDER.DLL,O=MICROSOFT CORPORATION, L=REDMOND, S=WASHINGTON, C=US
06CBC66713B01449AB676F0C911E5401835361B368122E073D9E01FB91D48C24,%SYSTEM32%\WINDOWS.UI.XAML.DLL,O=MICROSOFT CORPORATION, L=REDMOND, S=WASHINGTON, C=US
22EFEEB5D73CDDCAC405639BE15EE498218ABEE670EE9B79FAE7E99920C1E287,%SYSTEM32%\WINDOWS.UI.DLL,O=MICROSOFT CORPORATION, L=REDMOND, S=WASHINGTON, C=US
30DBDA23592885FA573502725863EC0506BAB58AFB55FDC52BF8CF7364A08BD9,%SYSTEM32%\ELSCORE.DLL,O=MICROSOFT CORPORATION, L=REDMOND, S=WASHINGTON, C=US
5AAD8FD72F9A169366DB500226DDDDB851C2B3FF11F730BA88080C2D97B9C8BA,%SYSTEM32%\WSSYNC.DLL,O=MICROSOFT CORPORATION, L=REDMOND, S=WASHINGTON, C=US
B6815F33FCDCFE35E3295D224943A29756F395D02430A92D4E13229BDB216F90,%SYSTEM32%\WSSHARED.DLL,O=MICROSOFT CORPORATION, L=REDMOND, S=WASHINGTON, C=US
08E93D74F948339A4FED830FF3A852254561CF20E013C952A4EA90825C9BD77C,%SYSTEM32%\WSCLIENT.DLL,O=MICROSOFT CORPORATION, L=REDMOND, S=WASHINGTON, C=US
238BD043FAE54D0DF4F7928C8F8E9FC43150ABFF82576FC35F5244F74A0A611B,%SYSTEM32%\WINCORLIB.DLL,O=MICROSOFT CORPORATION, L=REDMOND, S=WASHINGTON, C=US
5A82418B3377CCC2C45A58C7F1A751FCA95AA5221D627FBFEDB7B384EFBB3261,%SYSTEM32%\WINDOWS.UI.SEARCH.DLL,O=MICROSOFT CORPORATION, L=REDMOND, S=WASHINGTON, C=US
1288D9FC1F50A867E9AAD11696B17E869DD912BE02E2D5B95D910223AD07A8E0,%WINDIR%\ASSEMBLY\NATIVEIMAGES_V4.0.30319_64\ACCESSIBILITY\5255D76DE3C7266FB3941FB0ED2F61B6\ACCESSIBILITY.NI.DLL,
ABD3B347B8673AF472EACCFC474B62384BC23AFFD2B7855BCEF7A5A8CF397859,%SYSTEM32%\VMHGFS.DLL,O=VMWARE, INC., L=PALO ALTO, S=CALIFORNIA, C=US
A8859D50637F958FCB75D38AC2E96BEFB818B481CA507E73FD559753891CCC7C,%PROGRAMFILES%\7-ZIP\7-ZIP.DLL,
1E99392A8D684B6FB93243AED2C4F31C4A51F99CB3D738ADB168637DE5D36F9F,%WINDIR%\MICROSOFT.NET\ASSEMBLY\GAC_MSIL\MICROSOFT.ADROLES.SERVERMANAGER.COMMON\V4.0_6.3.0.0__31BF3856AD364E35\MICROSOFT.ADROLES.SERVERMANAGER.COMMON.DLL,O=MICROSOFT CORPORATION, L=REDMOND, S=WASHINGTON, C=US
49746C6246772F38BF3EDF38CF1BB5ADE285180A61F862404C127457997CA32A,%WINDIR%\MICROSOFT.NET\ASSEMBLY\GAC_MSIL\MICROSOFT.DIRECTORYSERVICES.SERVERMANAGER\V4.0_6.3.0.0__31BF3856AD364E35\MICROSOFT.DIRECTORYSERVICES.SERVERMANAGER.DLL,O=MICROSOFT CORPORATION, L=REDMOND, S=WASHINGTON, C=US
A9D58A56F10CCA023714906C307168EF5F194CC60EF65D57400074876ACAFC6A,%WINDIR%\ASSEMBLY\NATIVEIMAGES_V4.0.30319_64\MICROSOFT.WB2D030B7#\25ACEBFEA0DEF933B6DB6DAE3531A989\MICROSOFT.WINDOWS.DNS.NI.DLL,
F9B604E95702C0D00AA78B49C1C4FE21B114BC8DDE8DDEA359B83A0854062B1A,%SYSTEM32%\ICONCODECSERVICE.DLL,O=MICROSOFT CORPORATION, L=REDMOND, S=WASHINGTON, C=US
4553F8DDBFE7D64D80BBB9BAD7D891CC762AE764E82CF96098FA12D1B72AA2CA,%PROGRAMFILES%\VMWARE\VMWARE TOOLS\VMTOOLSHOOK64.DLL,O=VMWARE, INC., L=PALO ALTO, S=CALIFORNIA, C=US
0AEC0F702369806BC52805948381640CA8CB3C27FB17CFA257BBB5F2E3C976E9,%PROGRAMFILES%\VMWARE\VMWARE TOOLS\PLUGINS\VMUSR\VMTRAY.DLL,O=VMWARE, INC., L=PALO ALTO, S=CALIFORNIA, C=US
15A0F73169A78D8CF5C496A9A95810850922A2777F8D92EB16F17EE186827EB5,%PROGRAMFILES%\VMWARE\VMWARE TOOLS\PLUGINS\VMUSR\UNITY.DLL,O=VMWARE, INC., L=PALO ALTO, S=CALIFORNIA, C=US
460180853D8B5D2BC4FE6D8F9931883C1322D4F165D8CD0E33A21AE64327685C,%PROGRAMFILES%\VMWARE\VMWARE TOOLS\PLUGINS\VMUSR\DNDCP.DLL,O=VMWARE, INC., L=PALO ALTO, S=CALIFORNIA, C=US
5AA5E319CF29E71663718791A202922F22E6AD6414CB3AF9D292D1E58F3E21C1,%PROGRAMFILES%\VMWARE\VMWARE TOOLS\PLUGINS\VMUSR\DESKTOPEVENTS.DLL,O=VMWARE, INC., L=PALO ALTO, S=CALIFORNIA, C=US
3D579DE6595A8CC87741C163EDB372AF0DEC54E65EDB8B42C13F83F9041CC406,%PROGRAMFILES%\VMWARE\VMWARE TOOLS\PLUGINS\COMMON\VIX.DLL,O=VMWARE, INC., L=PALO ALTO, S=CALIFORNIA, C=US
12D1623717691FBCCED8AC80C29D5530AFDC9E10B435346440EEF579D0BE03E1,%PROGRAMFILES%\VMWARE\VMWARE TOOLS\PLUGINS\COMMON\THINPRINT.DLL,O=VMWARE, INC., L=PALO ALTO, S=CALIFORNIA, C=US
C565B7E4C79C0C201644990CB0BDC96C49111099C5B2F8448D275EA84A71F96E,%PROGRAMFILES%\VMWARE\VMWARE TOOLS\PLUGINS\COMMON\HGFSUSABILITY.DLL,O=VMWARE, INC., L=PALO ALTO, S=CALIFORNIA, C=US
51D07E1838DB5C97E2ADAF9ACA7E6A8400519F3CE3782FEEEB6B4C9DFB830B21,%PROGRAMFILES%\VMWARE\VMWARE TOOLS\HGFS.DLL,O=VMWARE, INC., L=PALO ALTO, S=CALIFORNIA, C=US
2879507849082FAF1A916D8808BAC68BCCEBB3CFB7ADBA88BF4DF582D1EFA082,%PROGRAMFILES%\VMWARE\VMWARE TOOLS\PLUGINS\COMMON\HGFSSERVER.DLL,O=VMWARE, INC., L=PALO ALTO, S=CALIFORNIA, C=US
F4AE12EE1A03DEE42DFA8FCBE6AC59CF1FE2429E1C371202FFD66DFA171A58EE,%SYSTEM32%\VSOCKLIB.DLL,O=VMWARE, INC., L=PALO ALTO, S=CALIFORNIA, C=US
AD72E59421F48A85AE283C758191742A0CA1DD746B17BF4200A63A0503C6B259,%PROGRAMFILES%\VMWARE\VMWARE TOOLS\VMTOOLS.DLL,O=VMWARE, INC., L=PALO ALTO, S=CALIFORNIA, C=US
2FC080187BC08D77058838908AADF7A6A04003B1EC6287DD8672DDDE190E27D1,%PROGRAMFILES%\VMWARE\VMWARE TOOLS\INTL.DLL,O=VMWARE, INC., L=PALO ALTO, S=CALIFORNIA, C=US
6AC0C81128F9F3B26F9A4C853FAF431258AA70C3662699E0B61DF00675A33588,%PROGRAMFILES%\VMWARE\VMWARE TOOLS\VMTOOLSD.EXE,O=VMWARE, INC., L=PALO ALTO, S=CALIFORNIA, C=US
BF89692C83D74729F2DA397E4EA96FFD2401182B1F8E66BC75DC7C88016D6E73,%SYSTEM32%\WS2_32.DLL,O=MICROSOFT CORPORATION, L=REDMOND, S=WASHINGTON, C=US
797AA35CC33D35204F593C22ECBCD7CA86FCC1506406296290AF6101C728A572,%SYSTEM32%\NETMSG.DLL,O=MICROSOFT CORPORATION, L=REDMOND, S=WASHINGTON, C=US
AFC85132834482993EBA5DBEA6CE453E3A0827E6271E38F6DDAEA851816C3F77,%SYSTEM32%\NET1.EXE,O=MICROSOFT CORPORATION, L=REDMOND, S=WASHINGTON, C=US
11B2BAC37F3CDA463D59B95B6AFA509FDA60F1BE8B211AB068CC42FFC6FA5538,%SYSTEM32%\NET.EXE,O=MICROSOFT CORPORATION, L=REDMOND, S=WASHINGTON, C=US
F7D0C0CD7087029BEF54C882B870A12925CFCFDA26492820552E428D9E3351F2,%SYSTEM32%\NETH.DLL,O=MICROSOFT CORPORATION, L=REDMOND, S=WASHINGTON, C=US
35588EE79FFA9BAD8C8C9F0035A1964DFB4236BE624A1E6A0D70A17019EAF6E6,%SYSTEM32%\SHELL32.DLL,O=MICROSOFT CORPORATION, L=REDMOND, S=WASHINGTON, C=US
FF5A8EB550AFF4ADDD8DBFC5FF40C878FC2A9D938505C0AAB101A4FC16FBD4A2,%SYSTEM32%\WLRMDR.EXE,O=MICROSOFT CORPORATION, L=REDMOND, S=WASHINGTON, C=US
4F3E5712B2C367F3CBBB3FD6A917AC60781D9E097894606095CE0943BC873408,%SYSTEM32%\UDWM.DLL,O=MICROSOFT CORPORATION, L=REDMOND, S=WASHINGTON, C=US
2F05952F1DEA5DF94B396162D06ADA5968A4E10BBC8B2C6447B3DC4C5E838E2C,%SYSTEM32%\AVRT.DLL,O=MICROSOFT CORPORATION, L=REDMOND, S=WASHINGTON, C=US
0279AEEB08C2F3AF68ACBAED1F0B42919A9D02D281053F0041022A500A55C7E0,%SYSTEM32%\DWMCORE.DLL,O=MICROSOFT CORPORATION, L=REDMOND, S=WASHINGTON, C=US
51A794D0AC5CE15A6A1BED49745B1007CB1467A9F7204885E9EAD7B3CE5B4B24,%SYSTEM32%\DWMREDIR.DLL,O=MICROSOFT CORPORATION, L=REDMOND, S=WASHINGTON, C=US
8A5AEC83578BD3CF7E4462E3EFB293C0DF1C06EECCF8AC2266899C7FB648DB5E,%SYSTEM32%\DWM.EXE,O=MICROSOFT CORPORATION, L=REDMOND, S=WASHINGTON, C=US
F8F18C2AAA152723126B073AEB2663FD1D464D5372CDED39264FBE4A0CF71DD0,%SYSTEM32%\LOGOFF.EXE,O=MICROSOFT CORPORATION, L=REDMOND, S=WASHINGTON, C=US
375077FCC09F2E4F982D28FA723EA64478D125DD3D9E717D4543C4409A04D1CE,%SYSTEM32%\DLLHOST.EXE,O=MICROSOFT CORPORATION, L=REDMOND, S=WASHINGTON, C=US
C401FFBDC30F2AB9A2F1BD6F9EA914ECD6B10BBF45253D8809A3C447B09F689D,%SYSTEM32%\FINDSTR.EXE,O=MICROSOFT CORPORATION, L=REDMOND, S=WASHINGTON, C=US
332E3FB63AC2A4AEF8E1D136DCCB02C7350F605C83F8D3A72823F7DC49832813,%SYSTEM32%\PING.EXE,O=MICROSOFT CORPORATION, L=REDMOND, S=WASHINGTON, C=US
ED9894E16110E8B24AAE0AFBCFDE2F21D5DA4534C89055D69D6CAA2C92CCFFD7,%SYSTEM32%\IPCONFIG.EXE,O=MICROSOFT CORPORATION, L=REDMOND, S=WASHINGTON, C=US
9746E1224179EFBF979DAE63F5340715233BAA79CF84F724A45C8D2270FAA80D,%PROGRAMFILES%\MOZILLA FIREFOX\PLUGIN-CONTAINER.EXE,O=MOZILLA CORPORATION, L=MOUNTAIN VIEW, S=CALIFORNIA, C=US
279A6582DAC428D624247A08FD8C0954DD290C9771AD797A6E8AFEE30DD8AEA1,%PROGRAMFILES%\MOZILLA FIREFOX\FIREFOX.EXE,O=MOZILLA CORPORATION, L=MOUNTAIN VIEW, S=CALIFORNIA, C=US
63B8A8AE552A21B84F7DF3F9DB07828B29AAC59C645AB2153D911CCD665EE5C2,%SYSTEM32%\WINDOWSPOWERSHELL\V1.0\POWERSHELL.EXE,O=MICROSOFT CORPORATION, L=REDMOND, S=WASHINGTON, C=US
D69CC7255D7851714BA9B318A20EC2ED290833D0590374509B945ED171377128,%PROGRAMFILES%\NOTEPAD++\NOTEPAD++.EXE,
C2A60CD750EB92BD9FC7176DFAA821E95038355BC7D3DD3E894B21617E1E4D93,%SYSTEM32%\NOTEPAD.EXE,O=MICROSOFT CORPORATION, L=REDMOND, S=WASHINGTON, C=US
82A93A510AB88367FC4DD4E43F4A96848AEE0077EBF52C2DAEC416084496802F,%PROGRAMFILES%\NOTEPAD++\UPDATER\GUP.EXE,
A417CCBCA1B07A404A94D9E88EAA0871DD15D81DD42357E819D4CEC6101B5BA8,%SYSTEM32%\KLIST.EXE,O=MICROSOFT CORPORATION, L=REDMOND, S=WASHINGTON, C=US
05796C2B3E99A24450D4CAA4E5D1A3C5CA22421E8EE79DBB74C13C6312E55BCE,%SYSTEM32%\CMD.EXE,O=MICROSOFT CORPORATION, L=REDMOND, S=WASHINGTON, C=US
A2F3C7633392BABD553EE4F849F9FAD2E4B6BE526FF800B58AAF793384398E45,%SYSTEM32%\DSAC.EXE,O=MICROSOFT CORPORATION, L=REDMOND, S=WASHINGTON, C=US
1A7394CE89A045BEE99896E17A64FA761C59F428D8DE30358238586A012CB303,%SYSTEM32%\THUMBNAILEXTRACTIONHOST.EXE,O=MICROSOFT CORPORATION, L=REDMOND, S=WASHINGTON, C=US
AB5323499A1B286D60DC1A2F0A682094188D7B1F219054A2984F4DEA27CFCC92,%SYSTEM32%\RUNDLL32.EXE,O=MICROSOFT CORPORATION, L=REDMOND, S=WASHINGTON, C=US
2E2DD0C995F369FCD5E28364D9B166A404111EA6FA6CB9D499B483B41E96E0A7,%SYSTEM32%\IE4UINIT.EXE,O=MICROSOFT CORPORATION, L=REDMOND, S=WASHINGTON, C=US
32E0C4BC297085953C309A89E9AF648AB6451FD3D54BE49334F35149E6B7EA61,%SYSTEM32%\RUNDLL32.EXE,O=MICROSOFT CORPORATION, L=REDMOND, S=WASHINGTON, C=US
F33FE3767C050330AEE34DD63560AAFFC03C849CE9839808B5AFDFF88E1563AF,%SYSTEM32%\GPSCRIPT.EXE,O=MICROSOFT CORPORATION, L=REDMOND, S=WASHINGTON, C=US
